Workbook

Sheet Vessels
A1: Vessel List (30-Vessel Capacity)
A2: Rename Vessel Name cells below (col B) — Tracker sheet updates automatically. Vessel 01 is pre-loaded with sample data from the uploaded template.
A4: Vessel No. | B4: Vessel Name
A5: 1 | B5: Vessel 01
A6: 2 | B6: Vessel 02
A7: 3 | B7: Vessel 03
A8: 4 | B8: Vessel 04
A9: 5 | B9: Vessel 05
A10: 6 | B10: Vessel 06
A11: 7 | B11: Vessel 07
A12: 8 | B12: Vessel 08
A13: 9 | B13: Vessel 09
A14: 10 | B14: Vessel 10
A15: 11 | B15: Vessel 11
A16: 12 | B16: Vessel 12
... A34: 30 | B34: Vessel 30

Sheet Item Master
A1: LSA & FFA Item Master Checklist
A2: 112 tracked items extracted from the source Planning & Arrangement of Services template. This is the checklist applied to every vessel on the Tracker sheet.
A4: # | B4: Category | C4: Item | D4: Interval Label | E4: Interval (Months) | F4: Type
A5: 1 | B5: Life Saving Appliances | C5: Life Boat - Davits | D5: Annual | E5: 12 | F5: Interval-Based
A6: 2 | B6: Life Saving Appliances | C6: Life Boat - Davits | D6: 5 Yearly | E6: 60 | F6: Interval-Based
A7: 3 | B7: Life Saving Appliances | C7: Life Boat - On Load / Off Load Release | D7: Annual | E7: 12 | F7: Interval-Based
A8: 4 | B8: Life Saving Appliances | C8: Life Boat - On Load / Off Load Release | D8: 5 Yearly | E8: 60 | F8: Interval-Based
A9: 5 | B9: Life Saving Appliances | C9: Life Boat - Air Supporting System | D9: Annual | E9: 12 | F9: Interval-Based
A10: 6 | B10: Life Saving Appliances | C10: Life Boat - Air Supporting System | D10: Hydro Test | E10: 60 | F10: Interval-Based
A11: 7 | B11: Life Saving Appliances | C11: Life Boat - Extinguisher | D11: Annual | E11: 12 | F11: Interval-Based
A12: 8 | B12: Life Saving Appliances | C12: Life Boat - Extinguisher | D12: Hydro Test | E12: 60 | F12: Interval-Based
A13: 9 | B13: Life Saving Appliances | C13: Life Boat - Falls | D13: 5 Yearly | E13: 60 | F13: Interval-Based
A14: 10 | B14: Life Saving Appliances | C14: Life Boat - Food Ration | D14: 5 Yearly | E14: 60 | F14: Interval-Based
A15: 11 | B15: Life Saving Appliances | C15: Life Boat - Seasicknes Tablet | D15: 5 Yearly | E15: 60 | F15: Interval-Based
A16: 12 | B16: Life Saving Appliances | C16: Life Boat - First Aid Kit | D16: 5 Yearly | E16: 60 | F16: Interval-Based
... A18: 14 | B18: Life Saving Appliances | C18: Life Boat - FPD | D18: 5 Yearly | E18: 60 | F18: Interval-Based
A19: 15 | B19: Life Saving Appliances | C19: Life Boat - Pyrotechnics | D19: Check Expiry Date | F19: Direct Expiry
A20: 16 | B20: Life Saving Appliances | C20: Rescue Boat - Davits | D20: Annual | E20: 12 | F20: Interval-Based
A21: 17 | B21: Life Saving Appliances | C21: Rescue Boat - Davits | D21: 5 Yearly | E21: 60 | F21: Interval-Based
A22: 18 | B22: Life Saving Appliances | C22: Rescue Boat - On Load / Off Load Release | D22: Annual | E22: 12 | F22: Interval-Based
A23: 19 | B23: Life Saving Appliances | C23: Rescue Boat - On Load / Off Load Release | D23: 5 Yearly | E23: 60 | F23: Interval-Based
A24: 20 | B24: Life Saving Appliances | C24: Rescue Boat - Air Supporting System | D24: Annual | E24: 12 | F24: Interval-Based
A25: 21 | B25: Life Saving Appliances | C25: Rescue Boat - Air Supporting System | D25: Hydro Test | E25: 60 | F25: Interval-Based
A26: 22 | B26: Life Saving Appliances | C26: Rescue Boat - Extinguisher | D26: Annual | E26: 12 | F26: Interval-Based
A27: 23 | B27: Life Saving Appliances | C27: Rescue Boat - Extinguisher | D27: Hydro Test | E27: 60 | F27: Interval-Based
A28: 24 | B28: Life Saving Appliances | C28: Rescue Boat - Falls | D28: 5 Yearly | E28: 60 | F28: Interval-Based
A29: 25 | B29: Life Saving Appliances | C29: Rescue Boat - Food Ration | D29: 5 Yearly | E29: 60 | F29: Interval-Based
A30: 26 | B30: Life Saving Appliances | C30: Rescue Boat - Seasicknes Tablet | D30: 5 Yearly | E30: 60 | F30: Interval-Based
A31: 27 | B31: Life Saving Appliances | C31: Rescue Boat - First Aid Kit | D31: 5 Yearly | E31: 60 | F31: Interval-Based
... A33: 29 | B33: Life Saving Appliances | C33: Rescue Boat - FPD | D33: 5 Yearly | E33: 60 | F33: Interval-Based
A34: 30 | B34: Life Saving Appliances | C34: Rescue Boat - Pyrotechnics | D34: Check Expiry Date | F34: Direct Expiry
A35: 31 | B35: Life Saving Appliances | C35: Life Raft (P) - Life Raft | D35: Annual | E35: 12 | F35: Interval-Based
A36: 32 | B36: Life Saving Appliances | C36: Life Raft (P) - LR HRU | D36: Check Expiry Date | F36: Direct Expiry
A37: 33 | B37: Life Saving Appliances | C37: Life Raft (S) - Life Raft | D37: Annual | E37: 12 | F37: Interval-Based
A38: 34 | B38: Life Saving Appliances | C38: Life Raft (S) - LR HRU | D38: Check Expiry Date | F38: Direct Expiry
A39: 35 | B39: Life Saving Appliances | C39: Fwd Life Raft - LR HRU | D39: Annual | E39: 12 | F39: Interval-Based
A40: 36 | B40: Life Saving Appliances | C40: L J Lights - LR HRU | D40: Check Expiry Date | F40: Direct Expiry
A41: 37 | B41: Life Saving Appliances | C41: SI Lights - LR HRU | D41: Check Expiry Date | F41: Direct Expiry
A42: 38 | B42: Life Saving Appliances | C42: ETA Battery - LR HRU | D42: Check Expiry Date | F42: Direct Expiry
A43: 39 | B43: Life Saving Appliances | C43: EEBD - LR HRU | D43: Annual | E43: 12 | F43: Interval-Based
A44: 40 | B44: Life Saving Appliances | C44: Immersion Suit - LR HRU | D44: Every 3 yrs | E44: 36 | F44: Interval-Based
A45: 41 | B45: Life Saving Appliances | C45: Immersion Suit - LR HRU | D45: Every 2 Yrs | E45: 24 | F45: Interval-Based
A46: 42 | B46: Life Saving Appliances | C46: Fixed Medical Oxygen Bottle - LR HRU | D46: Annual | E46: 12 | F46: Interval-Based
A47: 43 | B47: Life Saving Appliances | C47: Fixed Medical Oxygen Bottle - LR HRU | D47: Hydro Test (5 Yr) | E47: 60 | F47: Interval-Based
A48: 44 | B48: Life Saving Appliances | C48: Portable Resuscitator - LR HRU | D48: Annual | E48: 12 | F48: Interval-Based
A49: 45 | B49: Life Saving Appliances | C49: Portable Resuscitator - LR HRU | D49: Hydro Test (5 Yr) | E49: 60 | F49: Interval-Based
A50: 46 | B50: Life Saving Appliances | C50: Life Jacket - LR HRU | D50: Annual | E50: 12 | F50: Interval-Based
A51: 47 | B51: Life Saving Appliances | C51: Inflatable Life Jacket - LR HRU | D51: Annual | E51: 12 | F51: Interval-Based
A52: 48 | B52: Fire Fighting Appliances | C52: Fixed Foam Compound - Low Expansion | D52: Lab Analysis Req: After 3 Years from Manufacture date, then Annually Thereafter | E52: 36 | F52: Interval-Based
A53: 49 | B53: Fire Fighting Appliances | C53: Portable Extinguisher - DCP | D53: Annual | E53: 12 | F53: Interval-Based
A54: 50 | B54: Fire Fighting Appliances | C54: Portable Extinguisher - DCP | D54: Hydro Test (10 Yr) | E54: 120 | F54: Interval-Based
... A79: 75 | B79: Fire Fighting Appliances | C79: Deep Fat Fryer - CO2 (23 KG) | D79: Annual | E79: 12 | F79: Interval-Based
A80: 76 | B80: Fire Fighting Appliances | C80: Fixed Foam Ext PFOS Lab Test - CO2 (23 KG) | D80: From 01 Jan 2026 Limit<=10 mg/kg (0.001%by weight) | F80: Manual Review
A81: 77 | B81: Fire Fighting Appliances | C81: Portable Foam Ext PFOS lab Test - CO2 (23 KG) | D81: From 01 Jan 2026 Limit<=10 mg/kg (0.001%by weight) | F81: Manual Review
A82: 78 | B82: Bridge | C82: Bridge Pyrotechnics - LTA | D82: Check for Expiry Date | F82: Direct Expiry
A83: 79 | B83: Bridge | C83: Gyro - No. 1 | D83: Annual | E83: 12 | F83: Interval-Based
A84: 80 | B84: Bridge | C84: Gyro - No. 2 | D84: Annual | E84: 12 | F84: Interval-Based
A85: 81 | B85: Bridge | C85: Magnetic Compass Dev - No. 2 | D85: 2 Yrly | E85: 24 | F85: Interval-Based
A86: 82 | B86: Bridge | C86: SART - Batt (P) | D86: Check Expiry Date | F86: Direct Expiry
A87: 83 | B87: Bridge | C87: SART - Batt (S) | D87: Check Expiry Date | F87: Direct Expiry
A88: 84 | B88: Bridge | C88: EPRIB - Inspection | D88: Annual | E88: 12 | F88: Interval-Based
A89: 85 | B89: Bridge | C89: EPRIB - Batt | D89: Check Expiry Date | F89: Direct Expiry
A90: 86 | B90: Bridge | C90: EPRIB - HRU | D90: Check Expiry Date | F90: Direct Expiry
A91: 87 | B91: Bridge | C91: GMDSS Radio - HRU | D91: Check Expiry Date | F91: Direct Expiry
A92: 88 | B92: Bridge | C92: VDR - HRU | D92: Annual | E92: 12 | F92: Interval-Based
A93: 89 | B93: Bridge | C93: AIS - HRU | D93: Annual | E93: 12 | F93: Interval-Based
A94: 90 | B94: Bridge | C94: SSAS Test - HRU | D94: Annual | E94: 12 | F94: Interval-Based
A95: 91 | B95: Bridge | C95: Radio Annual - HRU | D95: Annual | E95: 12 | F95: Interval-Based
A96: 92 | B96: Bridge | C96: SART Testing - HRU | D96: Annual | E96: 12 | F96: Interval-Based
A97: 93 | B97: Bridge | C97: GMDSS - HRU | D97: Annual | E97: 12 | F97: Interval-Based
A98: 94 | B98: Calibration Equipment's | C98: Pr. Calibrator | D98: Annual | E98: 12 | F98: Interval-Based
A99: 95 | B99: Calibration Equipment's | C99: Temp. Calibrator | D99: Annual | E99: 12 | F99: Interval-Based
A100: 96 | B100: Calibration Equipment's | C100: Alcohol Meter | D100: Replace or Annual | E100: 12 | F100: Interval-Based
A101: 97 | B101: Calibration Equipment's | C101: UTI's | D101: Annual | E101: 12 | F101: Interval-Based
A102: 98 | B102: Calibration Equipment's | C102: Pressure Gauge | D102: As & When Required | F102: Manual Review
A103: 99 | B103: Calibration Equipment's | C103: Fixed Gas Detection System | D103: Annual | E103: 12 | F103: Interval-Based
A104: 100 | B104: Calibration Equipment's | C104: OWS OMD | D104: Annual | E104: 12 | F104: Interval-Based
A105: 101 | B105: Calibration Equipment's | C105: ODME | D105: Annual | E105: 12 | F105: Interval-Based
A106: 102 | B106: Calibration Equipment's | C106: Flowmeter | D106: Annual | E106: 12 | F106: Interval-Based
A107: 103 | B107: Calibration Equipment's | C107: Dynamometer | D107: Annual | E107: 12 | F107: Interval-Based
A108: 104 | B108: Calibration Equipment's | C108: Portable / Multi Gas Detectors | D108: Annual | E108: 12 | F108: Interval-Based
A109: 105 | B109: Calibration Equipment's | C109: Oxygen Analyzer | D109: Annual | E109: 12 | F109: Interval-Based
A110: 106 | B110: Calibration Equipment's | C110: Torque Wrench | D110: Annual | E110: 12 | F110: Interval-Based
A111: 107 | B111: Calibration Equipment's | C111: Personal Gas Meters | D111: Annual | E111: 12 | F111: Interval-Based
A112: 108 | B112: Calibration Equipment's | C112: Vapour Alarm System | D112: Annual | E112: 12 | F112: Interval-Based
A113: 109 | B113: Calibration Equipment's | C113: Loading Computer Test | D113: Annual | E113: 12 | F113: Interval-Based
A114: 110 | B114: Calibration Equipment's | C114: Ballast Water Sample | D114: Annual | E114: 12 | F114: Interval-Based
... A116: 112 | B116: Calibration Equipment's | C116: Portable Gas Detector | D116: Annual | E116: 12 | F116: Interval-Based

Sheet Tracker
A1: LSA & FFA Service Due Date Tracker
A2: Yellow = due within 2 months | Amber = due within 1 month | Red = overdue. Fill in 'Reference Date' (Last Done, or Expiry Date for Direct-Expiry items) for each vessel; status colors and the Dashboard update automatically.
A4: Vessel | B4: Category | C4: Item | D4: Type | E4: Interval Label | F4: Interval (Months) | G4: Reference Date (Last Done / Expiry) | H4: Next Due Date | I4: Days Until Due | J4: Status | K4: Notes
A5: =Vessels!B5 -> Vessel 01 | B5: Life Saving Appliances | C5: Life Boat - Davits | D5: Interval-Based | E5: Annual | F5: 12 | G5: 46009 | H5: =IFERROR(IF($D5="Manual Review","",IF($G5="","",IF($D5="Direct Expiry",$G5,EDATE($G5,$F5)))),"Check Date") -> 46374 | I5: =IF($H5="","",IF(ISNUMBER($H5),$H5-TODAY(),"")) -> 156 | J5: =IF($D5="Manual Review","Manual Review",IF($G5="","No Data",IF(NOT(ISNUMBER($H5)),"N/A",IF($H5<TODAY(),"Overdue",IF($H5<=TODAY()+30,"Due within 1 Month",IF($H5<=TODAY()+60,"Due within 2 Months","OK")))))) -> OK
A6: =Vessels!B5 -> Vessel 01 | B6: Life Saving Appliances | C6: Life Boat - Davits | D6: Interval-Based | E6: 5 Yearly | F6: 60 | H6: =IFERROR(IF($D6="Manual Review","",IF($G6="","",IF($D6="Direct Expiry",$G6,EDATE($G6,$F6)))),"Check Date") | I6: =IF($H6="","",IF(ISNUMBER($H6),$H6-TODAY(),"")) | J6: =IF($D6="Manual Review","Manual Review",IF($G6="","No Data",IF(NOT(ISNUMBER($H6)),"N/A",IF($H6<TODAY(),"Overdue",IF($H6<=TODAY()+30,"Due within 1 Month",IF($H6<=TODAY()+60,"Due within 2 Months","OK")))))) -> No Data
A7: =Vessels!B5 -> Vessel 01 | B7: Life Saving Appliances | C7: Life Boat - On Load / Off Load Release | D7: Interval-Based | E7: Annual | F7: 12 | G7: 46009 | H7: =IFERROR(IF($D7="Manual Review","",IF($G7="","",IF($D7="Direct Expiry",$G7,EDATE($G7,$F7)))),"Check Date") -> 46374 | I7: =IF($H7="","",IF(ISNUMBER($H7),$H7-TODAY(),"")) -> 156 | J7: =IF($D7="Manual Review","Manual Review",IF($G7="","No Data",IF(NOT(ISNUMBER($H7)),"N/A",IF($H7<TODAY(),"Overdue",IF($H7<=TODAY()+30,"Due within 1 Month",IF($H7<=TODAY()+60,"Due within 2 Months","OK")))))) -> OK
A8: =Vessels!B5 -> Vessel 01 | B8: Life Saving Appliances | C8: Life Boat - On Load / Off Load Release | D8: Interval-Based | E8: 5 Yearly | F8: 60 | H8: =IFERROR(IF($D8="Manual Review","",IF($G8="","",IF($D8="Direct Expiry",$G8,EDATE($G8,$F8)))),"Check Date") | I8: =IF($H8="","",IF(ISNUMBER($H8),$H8-TODAY(),"")) | J8: =IF($D8="Manual Review","Manual Review",IF($G8="","No Data",IF(NOT(ISNUMBER($H8)),"N/A",IF($H8<TODAY(),"Overdue",IF($H8<=TODAY()+30,"Due within 1 Month",IF($H8<=TODAY()+60,"Due within 2 Months","OK")))))) -> No Data
A9: =Vessels!B5 -> Vessel 01 | B9: Life Saving Appliances | C9: Life Boat - Air Supporting System | D9: Interval-Based | E9: Annual | F9: 12 | H9: =IFERROR(IF($D9="Manual Review","",IF($G9="","",IF($D9="Direct Expiry",$G9,EDATE($G9,$F9)))),"Check Date") | I9: =IF($H9="","",IF(ISNUMBER($H9),$H9-TODAY(),"")) | J9: =IF($D9="Manual Review","Manual Review",IF($G9="","No Data",IF(NOT(ISNUMBER($H9)),"N/A",IF($H9<TODAY(),"Overdue",IF($H9<=TODAY()+30,"Due within 1 Month",IF($H9<=TODAY()+60,"Due within 2 Months","OK")))))) -> No Data
A10: =Vessels!B5 -> Vessel 01 | B10: Life Saving Appliances | C10: Life Boat - Air Supporting System | D10: Interval-Based | E10: Hydro Test | F10: 60 | H10: =IFERROR(IF($D10="Manual Review","",IF($G10="","",IF($D10="Direct Expiry",$G10,EDATE($G10,$F10)))),"Check Date") | I10: =IF($H10="","",IF(ISNUMBER($H10),$H10-TODAY(),"")) | J10: =IF($D10="Manual Review","Manual Review",IF($G10="","No Data",IF(NOT(ISNUMBER($H10)),"N/A",IF($H10<TODAY(),"Overdue",IF($H10<=TODAY()+30,"Due within 1 Month",IF($H10<=TODAY()+60,"Due within 2 Months","OK")))))) -> No Data
A11: =Vessels!B5 -> Vessel 01 | B11: Life Saving Appliances | C11: Life Boat - Extinguisher | D11: Interval-Based | E11: Annual | F11: 12 | G11: 45922 | H11: =IFERROR(IF($D11="Manual Review","",IF($G11="","",IF($D11="Direct Expiry",$G11,EDATE($G11,$F11)))),"Check Date") -> 46287 | I11: =IF($H11="","",IF(ISNUMBER($H11),$H11-TODAY(),"")) -> 69 | J11: =IF($D11="Manual Review","Manual Review",IF($G11="","No Data",IF(NOT(ISNUMBER($H11)),"N/A",IF($H11<TODAY(),"Overdue",IF($H11<=TODAY()+30,"Due within 1 Month",IF($H11<=TODAY()+60,"Due within 2 Months","OK")))))) -> OK
A12: =Vessels!B5 -> Vessel 01 | B12: Life Saving Appliances | C12: Life Boat - Extinguisher | D12: Interval-Based | E12: Hydro Test | F12: 60 | H12: =IFERROR(IF($D12="Manual Review","",IF($G12="","",IF($D12="Direct Expiry",$G12,EDATE($G12,$F12)))),"Check Date") | I12: =IF($H12="","",IF(ISNUMBER($H12),$H12-TODAY(),"")) | J12: =IF($D12="Manual Review","Manual Review",IF($G12="","No Data",IF(NOT(ISNUMBER($H12)),"N/A",IF($H12<TODAY(),"Overdue",IF($H12<=TODAY()+30,"Due within 1 Month",IF($H12<=TODAY()+60,"Due within 2 Months","OK")))))) -> No Data
A13: =Vessels!B5 -> Vessel 01 | B13: Life Saving Appliances | C13: Life Boat - Falls | D13: Interval-Based | E13: 5 Yearly | F13: 60 | H13: =IFERROR(IF($D13="Manual Review","",IF($G13="","",IF($D13="Direct Expiry",$G13,EDATE($G13,$F13)))),"Check Date") | I13: =IF($H13="","",IF(ISNUMBER($H13),$H13-TODAY(),"")) | J13: =IF($D13="Manual Review","Manual Review",IF($G13="","No Data",IF(NOT(ISNUMBER($H13)),"N/A",IF($H13<TODAY(),"Overdue",IF($H13<=TODAY()+30,"Due within 1 Month",IF($H13<=TODAY()+60,"Due within 2 Months","OK")))))) -> No Data
A14: =Vessels!B5 -> Vessel 01 | B14: Life Saving Appliances | C14: Life Boat - Food Ration | D14: Interval-Based | E14: 5 Yearly | F14: 60 | G14: 46296 | H14: =IFERROR(IF($D14="Manual Review","",IF($G14="","",IF($D14="Direct Expiry",$G14,EDATE($G14,$F14)))),"Check Date") -> 48122 | I14: =IF($H14="","",IF(ISNUMBER($H14),$H14-TODAY(),"")) -> 1904 | J14: =IF($D14="Manual Review","Manual Review",IF($G14="","No Data",IF(NOT(ISNUMBER($H14)),"N/A",IF($H14<TODAY(),"Overdue",IF($H14<=TODAY()+30,"Due within 1 Month",IF($H14<=TODAY()+60,"Due within 2 Months","OK")))))) -> OK
A15: =Vessels!B5 -> Vessel 01 | B15: Life Saving Appliances | C15: Life Boat - Seasicknes Tablet | D15: Interval-Based | E15: 5 Yearly | F15: 60 | G15: 46235 | H15: =IFERROR(IF($D15="Manual Review","",IF($G15="","",IF($D15="Direct Expiry",$G15,EDATE($G15,$F15)))),"Check Date") -> 48061 | I15: =IF($H15="","",IF(ISNUMBER($H15),$H15-TODAY(),"")) -> 1843 | J15: =IF($D15="Manual Review","Manual Review",IF($G15="","No Data",IF(NOT(ISNUMBER($H15)),"N/A",IF($H15<TODAY(),"Overdue",IF($H15<=TODAY()+30,"Due within 1 Month",IF($H15<=TODAY()+60,"Due within 2 Months","OK")))))) -> OK
A16: =Vessels!B5 -> Vessel 01 | B16: Life Saving Appliances | C16: Life Boat - First Aid Kit | D16: Interval-Based | E16: 5 Yearly | F16: 60 | G16: 47119 | H16: =IFERROR(IF($D16="Manual Review","",IF($G16="","",IF($D16="Direct Expiry",$G16,EDATE($G16,$F16)))),"Check Date") -> 48945 | I16: =IF($H16="","",IF(ISNUMBER($H16),$H16-TODAY(),"")) -> 2727 | J16: =IF($D16="Manual Review","Manual Review",IF($G16="","No Data",IF(NOT(ISNUMBER($H16)),"N/A",IF($H16<TODAY(),"Overdue",IF($H16<=TODAY()+30,"Due within 1 Month",IF($H16<=TODAY()+60,"Due within 2 Months","OK")))))) -> OK
A17: =Vessels!B5 -> Vessel 01 | B17: Life Saving Appliances | C17: Life Boat - Water | D17: Interval-Based | E17: 5 Yearly | F17: 60 | G17: 46357 | H17: =IFERROR(IF($D17="Manual Review","",IF($G17="","",IF($D17="Direct Expiry",$G17,EDATE($G17,$F17)))),"Check Date") -> 48183 | I17: =IF($H17="","",IF(ISNUMBER($H17),$H17-TODAY(),"")) -> 1965 | J17: =IF($D17="Manual Review","Manual Review",IF($G17="","No Data",IF(NOT(ISNUMBER($H17)),"N/A",IF($H17<TODAY(),"Overdue",IF($H17<=TODAY()+30,"Due within 1 Month",IF($H17<=TODAY()+60,"Due within 2 Months","OK")))))) -> OK
A18: =Vessels!B5 -> Vessel 01 | B18: Life Saving Appliances | C18: Life Boat - FPD | D18: Interval-Based | E18: 5 Yearly | F18: 60 | H18: =IFERROR(IF($D18="Manual Review","",IF($G18="","",IF($D18="Direct Expiry",$G18,EDATE($G18,$F18)))),"Check Date") | I18: =IF($H18="","",IF(ISNUMBER($H18),$H18-TODAY(),"")) | J18: =IF($D18="Manual Review","Manual Review",IF($G18="","No Data",IF(NOT(ISNUMBER($H18)),"N/A",IF($H18<TODAY(),"Overdue",IF($H18<=TODAY()+30,"Due within 1 Month",IF($H18<=TODAY()+60,"Due within 2 Months","OK")))))) -> No Data
A19: =Vessels!B5 -> Vessel 01 | B19: Life Saving Appliances | C19: Life Boat - Pyrotechnics | D19: Direct Expiry | E19: Check Expiry Date | G19: 46966 | H19: =IFERROR(IF($D19="Manual Review","",IF($G19="","",IF($D19="Direct Expiry",$G19,EDATE($G19,$F19)))),"Check Date") -> 46966 | I19: =IF($H19="","",IF(ISNUMBER($H19),$H19-TODAY(),"")) -> 748 | J19: =IF($D19="Manual Review","Manual Review",IF($G19="","No Data",IF(NOT(ISNUMBER($H19)),"N/A",IF($H19<TODAY(),"Overdue",IF($H19<=TODAY()+30,"Due within 1 Month",IF($H19<=TODAY()+60,"Due within 2 Months","OK")))))) -> OK
A20: =Vessels!B5 -> Vessel 01 | B20: Life Saving Appliances | C20: Rescue Boat - Davits | D20: Interval-Based | E20: Annual | F20: 12 | G20: 46009 | H20: =IFERROR(IF($D20="Manual Review","",IF($G20="","",IF($D20="Direct Expiry",$G20,EDATE($G20,$F20)))),"Check Date") -> 46374 | I20: =IF($H20="","",IF(ISNUMBER($H20),$H20-TODAY(),"")) -> 156 | J20: =IF($D20="Manual Review","Manual Review",IF($G20="","No Data",IF(NOT(ISNUMBER($H20)),"N/A",IF($H20<TODAY(),"Overdue",IF($H20<=TODAY()+30,"Due within 1 Month",IF($H20<=TODAY()+60,"Due within 2 Months","OK")))))) -> OK
A21: =Vessels!B5 -> Vessel 01 | B21: Life Saving Appliances | C21: Rescue Boat - Davits | D21: Interval-Based | E21: 5 Yearly | F21: 60 | H21: =IFERROR(IF($D21="Manual Review","",IF($G21="","",IF($D21="Direct Expiry",$G21,EDATE($G21,$F21)))),"Check Date") | I21: =IF($H21="","",IF(ISNUMBER($H21),$H21-TODAY(),"")) | J21: =IF($D21="Manual Review","Manual Review",IF($G21="","No Data",IF(NOT(ISNUMBER($H21)),"N/A",IF($H21<TODAY(),"Overdue",IF($H21<=TODAY()+30,"Due within 1 Month",IF($H21<=TODAY()+60,"Due within 2 Months","OK")))))) -> No Data
A22: =Vessels!B5 -> Vessel 01 | B22: Life Saving Appliances | C22: Rescue Boat - On Load / Off Load Release | D22: Interval-Based | E22: Annual | F22: 12 | G22: 46009 | H22: =IFERROR(IF($D22="Manual Review","",IF($G22="","",IF($D22="Direct Expiry",$G22,EDATE($G22,$F22)))),"Check Date") -> 46374 | I22: =IF($H22="","",IF(ISNUMBER($H22),$H22-TODAY(),"")) -> 156 | J22: =IF($D22="Manual Review","Manual Review",IF($G22="","No Data",IF(NOT(ISNUMBER($H22)),"N/A",IF($H22<TODAY(),"Overdue",IF($H22<=TODAY()+30,"Due within 1 Month",IF($H22<=TODAY()+60,"Due within 2 Months","OK")))))) -> OK
A23: =Vessels!B5 -> Vessel 01 | B23: Life Saving Appliances | C23: Rescue Boat - On Load / Off Load Release | D23: Interval-Based | E23: 5 Yearly | F23: 60 | H23: =IFERROR(IF($D23="Manual Review","",IF($G23="","",IF($D23="Direct Expiry",$G23,EDATE($G23,$F23)))),"Check Date") | I23: =IF($H23="","",IF(ISNUMBER($H23),$H23-TODAY(),"")) | J23: =IF($D23="Manual Review","Manual Review",IF($G23="","No Data",IF(NOT(ISNUMBER($H23)),"N/A",IF($H23<TODAY(),"Overdue",IF($H23<=TODAY()+30,"Due within 1 Month",IF($H23<=TODAY()+60,"Due within 2 Months","OK")))))) -> No Data
A24: =Vessels!B5 -> Vessel 01 | B24: Life Saving Appliances | C24: Rescue Boat - Air Supporting System | D24: Interval-Based | E24: Annual | F24: 12 | H24: =IFERROR(IF($D24="Manual Review","",IF($G24="","",IF($D24="Direct Expiry",$G24,EDATE($G24,$F24)))),"Check Date") | I24: =IF($H24="","",IF(ISNUMBER($H24),$H24-TODAY(),"")) | J24: =IF($D24="Manual Review","Manual Review",IF($G24="","No Data",IF(NOT(ISNUMBER($H24)),"N/A",IF($H24<TODAY(),"Overdue",IF($H24<=TODAY()+30,"Due within 1 Month",IF($H24<=TODAY()+60,"Due within 2 Months","OK")))))) -> No Data
A25: =Vessels!B5 -> Vessel 01 | B25: Life Saving Appliances | C25: Rescue Boat - Air Supporting System | D25: Interval-Based | E25: Hydro Test | F25: 60 | H25: =IFERROR(IF($D25="Manual Review","",IF($G25="","",IF($D25="Direct Expiry",$G25,EDATE($G25,$F25)))),"Check Date") | I25: =IF($H25="","",IF(ISNUMBER($H25),$H25-TODAY(),"")) | J25: =IF($D25="Manual Review","Manual Review",IF($G25="","No Data",IF(NOT(ISNUMBER($H25)),"N/A",IF($H25<TODAY(),"Overdue",IF($H25<=TODAY()+30,"Due within 1 Month",IF($H25<=TODAY()+60,"Due within 2 Months","OK")))))) -> No Data
A26: =Vessels!B5 -> Vessel 01 | B26: Life Saving Appliances | C26: Rescue Boat - Extinguisher | D26: Interval-Based | E26: Annual | F26: 12 | G26: 45922 | H26: =IFERROR(IF($D26="Manual Review","",IF($G26="","",IF($D26="Direct Expiry",$G26,EDATE($G26,$F26)))),"Check Date") -> 46287 | I26: =IF($H26="","",IF(ISNUMBER($H26),$H26-TODAY(),"")) -> 69 | J26: =IF($D26="Manual Review","Manual Review",IF($G26="","No Data",IF(NOT(ISNUMBER($H26)),"N/A",IF($H26<TODAY(),"Overdue",IF($H26<=TODAY()+30,"Due within 1 Month",IF($H26<=TODAY()+60,"Due within 2 Months","OK")))))) -> OK
A27: =Vessels!B5 -> Vessel 01 | B27: Life Saving Appliances | C27: Rescue Boat - Extinguisher | D27: Interval-Based | E27: Hydro Test | F27: 60 | H27: =IFERROR(IF($D27="Manual Review","",IF($G27="","",IF($D27="Direct Expiry",$G27,EDATE($G27,$F27)))),"Check Date") | I27: =IF($H27="","",IF(ISNUMBER($H27),$H27-TODAY(),"")) | J27: =IF($D27="Manual Review","Manual Review",IF($G27="","No Data",IF(NOT(ISNUMBER($H27)),"N/A",IF($H27<TODAY(),"Overdue",IF($H27<=TODAY()+30,"Due within 1 Month",IF($H27<=TODAY()+60,"Due within 2 Months","OK")))))) -> No Data
A28: =Vessels!B5 -> Vessel 01 | B28: Life Saving Appliances | C28: Rescue Boat - Falls | D28: Interval-Based | E28: 5 Yearly | F28: 60 | H28: =IFERROR(IF($D28="Manual Review","",IF($G28="","",IF($D28="Direct Expiry",$G28,EDATE($G28,$F28)))),"Check Date") | I28: =IF($H28="","",IF(ISNUMBER($H28),$H28-TODAY(),"")) | J28: =IF($D28="Manual Review","Manual Review",IF($G28="","No Data",IF(NOT(ISNUMBER($H28)),"N/A",IF($H28<TODAY(),"Overdue",IF($H28<=TODAY()+30,"Due within 1 Month",IF($H28<=TODAY()+60,"Due within 2 Months","OK")))))) -> No Data
A29: =Vessels!B5 -> Vessel 01 | B29: Life Saving Appliances | C29: Rescue Boat - Food Ration | D29: Interval-Based | E29: 5 Yearly | F29: 60 | H29: =IFERROR(IF($D29="Manual Review","",IF($G29="","",IF($D29="Direct Expiry",$G29,EDATE($G29,$F29)))),"Check Date") | I29: =IF($H29="","",IF(ISNUMBER($H29),$H29-TODAY(),"")) | J29: =IF($D29="Manual Review","Manual Review",IF($G29="","No Data",IF(NOT(ISNUMBER($H29)),"N/A",IF($H29<TODAY(),"Overdue",IF($H29<=TODAY()+30,"Due within 1 Month",IF($H29<=TODAY()+60,"Due within 2 Months","OK")))))) -> No Data
A30: =Vessels!B5 -> Vessel 01 | B30: Life Saving Appliances | C30: Rescue Boat - Seasicknes Tablet | D30: Interval-Based | E30: 5 Yearly | F30: 60 | H30: =IFERROR(IF($D30="Manual Review","",IF($G30="","",IF($D30="Direct Expiry",$G30,EDATE($G30,$F30)))),"Check Date") | I30: =IF($H30="","",IF(ISNUMBER($H30),$H30-TODAY(),"")) | J30: =IF($D30="Manual Review","Manual Review",IF($G30="","No Data",IF(NOT(ISNUMBER($H30)),"N/A",IF($H30<TODAY(),"Overdue",IF($H30<=TODAY()+30,"Due within 1 Month",IF($H30<=TODAY()+60,"Due within 2 Months","OK")))))) -> No Data
A31: =Vessels!B5 -> Vessel 01 | B31: Life Saving Appliances | C31: Rescue Boat - First Aid Kit | D31: Interval-Based | E31: 5 Yearly | F31: 60 | G31: 47119 | H31: =IFERROR(IF($D31="Manual Review","",IF($G31="","",IF($D31="Direct Expiry",$G31,EDATE($G31,$F31)))),"Check Date") -> 48945 | I31: =IF($H31="","",IF(ISNUMBER($H31),$H31-TODAY(),"")) -> 2727 | J31: =IF($D31="Manual Review","Manual Review",IF($G31="","No Data",IF(NOT(ISNUMBER($H31)),"N/A",IF($H31<TODAY(),"Overdue",IF($H31<=TODAY()+30,"Due within 1 Month",IF($H31<=TODAY()+60,"Due within 2 Months","OK")))))) -> OK
A32: =Vessels!B5 -> Vessel 01 | B32: Life Saving Appliances | C32: Rescue Boat - Water | D32: Interval-Based | E32: 5 Yearly | F32: 60 | H32: =IFERROR(IF($D32="Manual Review","",IF($G32="","",IF($D32="Direct Expiry",$G32,EDATE($G32,$F32)))),"Check Date") | I32: =IF($H32="","",IF(ISNUMBER($H32),$H32-TODAY(),"")) | J32: =IF($D32="Manual Review","Manual Review",IF($G32="","No Data",IF(NOT(ISNUMBER($H32)),"N/A",IF($H32<TODAY(),"Overdue",IF($H32<=TODAY()+30,"Due within 1 Month",IF($H32<=TODAY()+60,"Due within 2 Months","OK")))))) -> No Data
A33: =Vessels!B5 -> Vessel 01 | B33: Life Saving Appliances | C33: Rescue Boat - FPD | D33: Interval-Based | E33: 5 Yearly | F33: 60 | H33: =IFERROR(IF($D33="Manual Review","",IF($G33="","",IF($D33="Direct Expiry",$G33,EDATE($G33,$F33)))),"Check Date") | I33: =IF($H33="","",IF(ISNUMBER($H33),$H33-TODAY(),"")) | J33: =IF($D33="Manual Review","Manual Review",IF($G33="","No Data",IF(NOT(ISNUMBER($H33)),"N/A",IF($H33<TODAY(),"Overdue",IF($H33<=TODAY()+30,"Due within 1 Month",IF($H33<=TODAY()+60,"Due within 2 Months","OK")))))) -> No Data
A34: =Vessels!B5 -> Vessel 01 | B34: Life Saving Appliances | C34: Rescue Boat - Pyrotechnics | D34: Direct Expiry | E34: Check Expiry Date | H34: =IFERROR(IF($D34="Manual Review","",IF($G34="","",IF($D34="Direct Expiry",$G34,EDATE($G34,$F34)))),"Check Date") | I34: =IF($H34="","",IF(ISNUMBER($H34),$H34-TODAY(),"")) | J34: =IF($D34="Manual Review","Manual Review",IF($G34="","No Data",IF(NOT(ISNUMBER($H34)),"N/A",IF($H34<TODAY(),"Overdue",IF($H34<=TODAY()+30,"Due within 1 Month",IF($H34<=TODAY()+60,"Due within 2 Months","OK")))))) -> No Data
A35: =Vessels!B5 -> Vessel 01 | B35: Life Saving Appliances | C35: Life Raft (P) - Life Raft | D35: Interval-Based | E35: Annual | F35: 12 | G35: 45812 | H35: =IFERROR(IF($D35="Manual Review","",IF($G35="","",IF($D35="Direct Expiry",$G35,EDATE($G35,$F35)))),"Check Date") -> 46177 | I35: =IF($H35="","",IF(ISNUMBER($H35),$H35-TODAY(),"")) -> -41 | J35: =IF($D35="Manual Review","Manual Review",IF($G35="","No Data",IF(NOT(ISNUMBER($H35)),"N/A",IF($H35<TODAY(),"Overdue",IF($H35<=TODAY()+30,"Due within 1 Month",IF($H35<=TODAY()+60,"Due within 2 Months","OK")))))) -> Overdue
A36: =Vessels!B5 -> Vessel 01 | B36: Life Saving Appliances | C36: Life Raft (P) - LR HRU | D36: Direct Expiry | E36: Check Expiry Date | G36: 46174 | H36: =IFERROR(IF($D36="Manual Review","",IF($G36="","",IF($D36="Direct Expiry",$G36,EDATE($G36,$F36)))),"Check Date") -> 46174 | I36: =IF($H36="","",IF(ISNUMBER($H36),$H36-TODAY(),"")) -> -44 | J36: =IF($D36="Manual Review","Manual Review",IF($G36="","No Data",IF(NOT(ISNUMBER($H36)),"N/A",IF($H36<TODAY(),"Overdue",IF($H36<=TODAY()+30,"Due within 1 Month",IF($H36<=TODAY()+60,"Due within 2 Months","OK")))))) -> Overdue
A37: =Vessels!B5 -> Vessel 01 | B37: Life Saving Appliances | C37: Life Raft (S) - Life Raft | D37: Interval-Based | E37: Annual | F37: 12 | G37: 45812 | H37: =IFERROR(IF($D37="Manual Review","",IF($G37="","",IF($D37="Direct Expiry",$G37,EDATE($G37,$F37)))),"Check Date") -> 46177 | I37: =IF($H37="","",IF(ISNUMBER($H37),$H37-TODAY(),"")) -> -41 | J37: =IF($D37="Manual Review","Manual Review",IF($G37="","No Data",IF(NOT(ISNUMBER($H37)),"N/A",IF($H37<TODAY(),"Overdue",IF($H37<=TODAY()+30,"Due within 1 Month",IF($H37<=TODAY()+60,"Due within 2 Months","OK")))))) -> Overdue
A38: =Vessels!B5 -> Vessel 01 | B38: Life Saving Appliances | C38: Life Raft (S) - LR HRU | D38: Direct Expiry | E38: Check Expiry Date | G38: 46174 | H38: =IFERROR(IF($D38="Manual Review","",IF($G38="","",IF($D38="Direct Expiry",$G38,EDATE($G38,$F38)))),"Check Date") -> 46174 | I38: =IF($H38="","",IF(ISNUMBER($H38),$H38-TODAY(),"")) -> -44 | J38: =IF($D38="Manual Review","Manual Review",IF($G38="","No Data",IF(NOT(ISNUMBER($H38)),"N/A",IF($H38<TODAY(),"Overdue",IF($H38<=TODAY()+30,"Due within 1 Month",IF($H38<=TODAY()+60,"Due within 2 Months","OK")))))) -> Overdue
A39: =Vessels!B5 -> Vessel 01 | B39: Life Saving Appliances | C39: Fwd Life Raft - LR HRU | D39: Interval-Based | E39: Annual | F39: 12 | G39: 45812 | H39: =IFERROR(IF($D39="Manual Review","",IF($G39="","",IF($D39="Direct Expiry",$G39,EDATE($G39,$F39)))),"Check Date") -> 46177 | I39: =IF($H39="","",IF(ISNUMBER($H39),$H39-TODAY(),"")) -> -41 | J39: =IF($D39="Manual Review","Manual Review",IF($G39="","No Data",IF(NOT(ISNUMBER($H39)),"N/A",IF($H39<TODAY(),"Overdue",IF($H39<=TODAY()+30,"Due within 1 Month",IF($H39<=TODAY()+60,"Due within 2 Months","OK")))))) -> Overdue
A40: =Vessels!B5 -> Vessel 01 | B40: Life Saving Appliances | C40: L J Lights - LR HRU | D40: Direct Expiry | E40: Check Expiry Date | H40: =IFERROR(IF($D40="Manual Review","",IF($G40="","",IF($D40="Direct Expiry",$G40,EDATE($G40,$F40)))),"Check Date") | I40: =IF($H40="","",IF(ISNUMBER($H40),$H40-TODAY(),"")) | J40: =IF($D40="Manual Review","Manual Review",IF($G40="","No Data",IF(NOT(ISNUMBER($H40)),"N/A",IF($H40<TODAY(),"Overdue",IF($H40<=TODAY()+30,"Due within 1 Month",IF($H40<=TODAY()+60,"Due within 2 Months","OK")))))) -> No Data
A41: =Vessels!B5 -> Vessel 01 | B41: Life Saving Appliances | C41: SI Lights - LR HRU | D41: Direct Expiry | E41: Check Expiry Date | H41: =IFERROR(IF($D41="Manual Review","",IF($G41="","",IF($D41="Direct Expiry",$G41,EDATE($G41,$F41)))),"Check Date") | I41: =IF($H41="","",IF(ISNUMBER($H41),$H41-TODAY(),"")) | J41: =IF($D41="Manual Review","Manual Review",IF($G41="","No Data",IF(NOT(ISNUMBER($H41)),"N/A",IF($H41<TODAY(),"Overdue",IF($H41<=TODAY()+30,"Due within 1 Month",IF($H41<=TODAY()+60,"Due within 2 Months","OK")))))) -> No Data
A42: =Vessels!B5 -> Vessel 01 | B42: Life Saving Appliances | C42: ETA Battery - LR HRU | D42: Direct Expiry | E42: Check Expiry Date | H42: =IFERROR(IF($D42="Manual Review","",IF($G42="","",IF($D42="Direct Expiry",$G42,EDATE($G42,$F42)))),"Check Date") | I42: =IF($H42="","",IF(ISNUMBER($H42),$H42-TODAY(),"")) | J42: =IF($D42="Manual Review","Manual Review",IF($G42="","No Data",IF(NOT(ISNUMBER($H42)),"N/A",IF($H42<TODAY(),"Overdue",IF($H42<=TODAY()+30,"Due within 1 Month",IF($H42<=TODAY()+60,"Due within 2 Months","OK")))))) -> No Data
A43: =Vessels!B5 -> Vessel 01 | B43: Life Saving Appliances | C43: EEBD - LR HRU | D43: Interval-Based | E43: Annual | F43: 12 | G43: 45922 | H43: =IFERROR(IF($D43="Manual Review","",IF($G43="","",IF($D43="Direct Expiry",$G43,EDATE($G43,$F43)))),"Check Date") -> 46287 | I43: =IF($H43="","",IF(ISNUMBER($H43),$H43-TODAY(),"")) -> 69 | J43: =IF($D43="Manual Review","Manual Review",IF($G43="","No Data",IF(NOT(ISNUMBER($H43)),"N/A",IF($H43<TODAY(),"Overdue",IF($H43<=TODAY()+30,"Due within 1 Month",IF($H43<=TODAY()+60,"Due within 2 Months","OK")))))) -> OK
A44: =Vessels!B5 -> Vessel 01 | B44: Life Saving Appliances | C44: Immersion Suit - LR HRU | D44: Interval-Based | E44: Every 3 yrs | F44: 36 | H44: =IFERROR(IF($D44="Manual Review","",IF($G44="","",IF($D44="Direct Expiry",$G44,EDATE($G44,$F44)))),"Check Date") | I44: =IF($H44="","",IF(ISNUMBER($H44),$H44-TODAY(),"")) | J44: =IF($D44="Manual Review","Manual Review",IF($G44="","No Data",IF(NOT(ISNUMBER($H44)),"N/A",IF($H44<TODAY(),"Overdue",IF($H44<=TODAY()+30,"Due within 1 Month",IF($H44<=TODAY()+60,"Due within 2 Months","OK")))))) -> No Data
A45: =Vessels!B5 -> Vessel 01 | B45: Life Saving Appliances | C45: Immersion Suit - LR HRU | D45: Interval-Based | E45: Every 2 Yrs | F45: 24 | G45: 46043 | H45: =IFERROR(IF($D45="Manual Review","",IF($G45="","",IF($D45="Direct Expiry",$G45,EDATE($G45,$F45)))),"Check Date") -> 46773 | I45: =IF($H45="","",IF(ISNUMBER($H45),$H45-TODAY(),"")) -> 555 | J45: =IF($D45="Manual Review","Manual Review",IF($G45="","No Data",IF(NOT(ISNUMBER($H45)),"N/A",IF($H45<TODAY(),"Overdue",IF($H45<=TODAY()+30,"Due within 1 Month",IF($H45<=TODAY()+60,"Due within 2 Months","OK")))))) -> OK
A46: =Vessels!B5 -> Vessel 01 | B46: Life Saving Appliances | C46: Fixed Medical Oxygen Bottle - LR HRU | D46: Interval-Based | E46: Annual | F46: 12 | G46: 45922 | H46: =IFERROR(IF($D46="Manual Review","",IF($G46="","",IF($D46="Direct Expiry",$G46,EDATE($G46,$F46)))),"Check Date") -> 46287 | I46: =IF($H46="","",IF(ISNUMBER($H46),$H46-TODAY(),"")) -> 69 | J46: =IF($D46="Manual Review","Manual Review",IF($G46="","No Data",IF(NOT(ISNUMBER($H46)),"N/A",IF($H46<TODAY(),"Overdue",IF($H46<=TODAY()+30,"Due within 1 Month",IF($H46<=TODAY()+60,"Due within 2 Months","OK")))))) -> OK
A47: =Vessels!B5 -> Vessel 01 | B47: Life Saving Appliances | C47: Fixed Medical Oxygen Bottle - LR HRU | D47: Interval-Based | E47: Hydro Test (5 Yr) | F47: 60 | H47: =IFERROR(IF($D47="Manual Review","",IF($G47="","",IF($D47="Direct Expiry",$G47,EDATE($G47,$F47)))),"Check Date") | I47: =IF($H47="","",IF(ISNUMBER($H47),$H47-TODAY(),"")) | J47: =IF($D47="Manual Review","Manual Review",IF($G47="","No Data",IF(NOT(ISNUMBER($H47)),"N/A",IF($H47<TODAY(),"Overdue",IF($H47<=TODAY()+30,"Due within 1 Month",IF($H47<=TODAY()+60,"Due within 2 Months","OK")))))) -> No Data
A48: =Vessels!B5 -> Vessel 01 | B48: Life Saving Appliances | C48: Portable Resuscitator - LR HRU | D48: Interval-Based | E48: Annual | F48: 12 | H48: =IFERROR(IF($D48="Manual Review","",IF($G48="","",IF($D48="Direct Expiry",$G48,EDATE($G48,$F48)))),"Check Date") | I48: =IF($H48="","",IF(ISNUMBER($H48),$H48-TODAY(),"")) | J48: =IF($D48="Manual Review","Manual Review",IF($G48="","No Data",IF(NOT(ISNUMBER($H48)),"N/A",IF($H48<TODAY(),"Overdue",IF($H48<=TODAY()+30,"Due within 1 Month",IF($H48<=TODAY()+60,"Due within 2 Months","OK")))))) -> No Data
A49: =Vessels!B5 -> Vessel 01 | B49: Life Saving Appliances | C49: Portable Resuscitator - LR HRU | D49: Interval-Based | E49: Hydro Test (5 Yr) | F49: 60 | H49: =IFERROR(IF($D49="Manual Review","",IF($G49="","",IF($D49="Direct Expiry",$G49,EDATE($G49,$F49)))),"Check Date") | I49: =IF($H49="","",IF(ISNUMBER($H49),$H49-TODAY(),"")) | J49: =IF($D49="Manual Review","Manual Review",IF($G49="","No Data",IF(NOT(ISNUMBER($H49)),"N/A",IF($H49<TODAY(),"Overdue",IF($H49<=TODAY()+30,"Due within 1 Month",IF($H49<=TODAY()+60,"Due within 2 Months","OK")))))) -> No Data
A50: =Vessels!B5 -> Vessel 01 | B50: Life Saving Appliances | C50: Life Jacket - LR HRU | D50: Interval-Based | E50: Annual | F50: 12 | G50: 46043 | H50: =IFERROR(IF($D50="Manual Review","",IF($G50="","",IF($D50="Direct Expiry",$G50,EDATE($G50,$F50)))),"Check Date") -> 46408 | I50: =IF($H50="","",IF(ISNUMBER($H50),$H50-TODAY(),"")) -> 190 | J50: =IF($D50="Manual Review","Manual Review",IF($G50="","No Data",IF(NOT(ISNUMBER($H50)),"N/A",IF($H50<TODAY(),"Overdue",IF($H50<=TODAY()+30,"Due within 1 Month",IF($H50<=TODAY()+60,"Due within 2 Months","OK")))))) -> OK
A51: =Vessels!B5 -> Vessel 01 | B51: Life Saving Appliances | C51: Inflatable Life Jacket - LR HRU | D51: Interval-Based | E51: Annual | F51: 12 | H51: =IFERROR(IF($D51="Manual Review","",IF($G51="","",IF($D51="Direct Expiry",$G51,EDATE($G51,$F51)))),"Check Date") | I51: =IF($H51="","",IF(ISNUMBER($H51),$H51-TODAY(),"")) | J51: =IF($D51="Manual Review","Manual Review",IF($G51="","No Data",IF(NOT(ISNUMBER($H51)),"N/A",IF($H51<TODAY(),"Overdue",IF($H51<=TODAY()+30,"Due within 1 Month",IF($H51<=TODAY()+60,"Due within 2 Months","OK")))))) -> No Data
A52: =Vessels!B5 -> Vessel 01 | B52: Fire Fighting Appliances | C52: Fixed Foam Compound - Low Expansion | D52: Interval-Based | E52: Lab Analysis Req: After 3 Years from Manufacture date, then Annually Thereafter | F52: 36 | H52: =IFERROR(IF($D52="Manual Review","",IF($G52="","",IF($D52="Direct Expiry",$G52,EDATE($G52,$F52)))),"Check Date") | I52: =IF($H52="","",IF(ISNUMBER($H52),$H52-TODAY(),"")) | J52: =IF($D52="Manual Review","Manual Review",IF($G52="","No Data",IF(NOT(ISNUMBER($H52)),"N/A",IF($H52<TODAY(),"Overdue",IF($H52<=TODAY()+30,"Due within 1 Month",IF($H52<=TODAY()+60,"Due within 2 Months","OK")))))) -> No Data
A53: =Vessels!B5 -> Vessel 01 | B53: Fire Fighting Appliances | C53: Portable Extinguisher - DCP | D53: Interval-Based | E53: Annual | F53: 12 | G53: 45922 | H53: =IFERROR(IF($D53="Manual Review","",IF($G53="","",IF($D53="Direct Expiry",$G53,EDATE($G53,$F53)))),"Check Date") -> 46287 | I53: =IF($H53="","",IF(ISNUMBER($H53),$H53-TODAY(),"")) -> 69 | J53: =IF($D53="Manual Review","Manual Review",IF($G53="","No Data",IF(NOT(ISNUMBER($H53)),"N/A",IF($H53<TODAY(),"Overdue",IF($H53<=TODAY()+30,"Due within 1 Month",IF($H53<=TODAY()+60,"Due within 2 Months","OK")))))) -> OK
A54: =Vessels!B5 -> Vessel 01 | B54: Fire Fighting Appliances | C54: Portable Extinguisher - DCP | D54: Interval-Based | E54: Hydro Test (10 Yr) | F54: 120 | G54: 42704 | H54: =IFERROR(IF($D54="Manual Review","",IF($G54="","",IF($D54="Direct Expiry",$G54,EDATE($G54,$F54)))),"Check Date") -> 46356 | I54: =IF($H54="","",IF(ISNUMBER($H54),$H54-TODAY(),"")) -> 138 | J54: =IF($D54="Manual Review","Manual Review",IF($G54="","No Data",IF(NOT(ISNUMBER($H54)),"N/A",IF($H54<TODAY(),"Overdue",IF($H54<=TODAY()+30,"Due within 1 Month",IF($H54<=TODAY()+60,"Due within 2 Months","OK")))))) -> OK
A55: =Vessels!B5 -> Vessel 01 | B55: Fire Fighting Appliances | C55: Portable Extinguisher - Foam | D55: Interval-Based | E55: Annual | F55: 12 | G55: 45922 | H55: =IFERROR(IF($D55="Manual Review","",IF($G55="","",IF($D55="Direct Expiry",$G55,EDATE($G55,$F55)))),"Check Date") -> 46287 | I55: =IF($H55="","",IF(ISNUMBER($H55),$H55-TODAY(),"")) -> 69 | J55: =IF($D55="Manual Review","Manual Review",IF($G55="","No Data",IF(NOT(ISNUMBER($H55)),"N/A",IF($H55<TODAY(),"Overdue",IF($H55<=TODAY()+30,"Due within 1 Month",IF($H55<=TODAY()+60,"Due within 2 Months","OK")))))) -> OK
A56: =Vessels!B5 -> Vessel 01 | B56: Fire Fighting Appliances | C56: Portable Extinguisher - Foam | D56: Interval-Based | E56: Hydro Test (10 Yr) | F56: 120 | G56: 42705 | H56: =IFERROR(IF($D56="Manual Review","",IF($G56="","",IF($D56="Direct Expiry",$G56,EDATE($G56,$F56)))),"Check Date") -> 46357 | I56: =IF($H56="","",IF(ISNUMBER($H56),$H56-TODAY(),"")) -> 139 | J56: =IF($D56="Manual Review","Manual Review",IF($G56="","No Data",IF(NOT(ISNUMBER($H56)),"N/A",IF($H56<TODAY(),"Overdue",IF($H56<=TODAY()+30,"Due within 1 Month",IF($H56<=TODAY()+60,"Due within 2 Months","OK")))))) -> OK
A57: =Vessels!B5 -> Vessel 01 | B57: Fire Fighting Appliances | C57: Portable Extinguisher - CO2 | D57: Interval-Based | E57: Annual | F57: 12 | G57: 45922 | H57: =IFERROR(IF($D57="Manual Review","",IF($G57="","",IF($D57="Direct Expiry",$G57,EDATE($G57,$F57)))),"Check Date") -> 46287 | I57: =IF($H57="","",IF(ISNUMBER($H57),$H57-TODAY(),"")) -> 69 | J57: =IF($D57="Manual Review","Manual Review",IF($G57="","No Data",IF(NOT(ISNUMBER($H57)),"N/A",IF($H57<TODAY(),"Overdue",IF($H57<=TODAY()+30,"Due within 1 Month",IF($H57<=TODAY()+60,"Due within 2 Months","OK")))))) -> OK
A58: =Vessels!B5 -> Vessel 01 | B58: Fire Fighting Appliances | C58: Portable Extinguisher - CO2 | D58: Interval-Based | E58: Hydro Test (10 Yr) | F58: 120 | G58: 42552 | H58: =IFERROR(IF($D58="Manual Review","",IF($G58="","",IF($D58="Direct Expiry",$G58,EDATE($G58,$F58)))),"Check Date") -> 46204 | I58: =IF($H58="","",IF(ISNUMBER($H58),$H58-TODAY(),"")) -> -14 | J58: =IF($D58="Manual Review","Manual Review",IF($G58="","No Data",IF(NOT(ISNUMBER($H58)),"N/A",IF($H58<TODAY(),"Overdue",IF($H58<=TODAY()+30,"Due within 1 Month",IF($H58<=TODAY()+60,"Due within 2 Months","OK")))))) -> Overdue
A59: =Vessels!B5 -> Vessel 01 | B59: Fire Fighting Appliances | C59: Portable Extinguisher - CO2 (23 KG) | D59: Interval-Based | E59: Annual | F59: 12 | G59: 46287 | H59: =IFERROR(IF($D59="Manual Review","",IF($G59="","",IF($D59="Direct Expiry",$G59,EDATE($G59,$F59)))),"Check Date") -> 46652 | I59: =IF($H59="","",IF(ISNUMBER($H59),$H59-TODAY(),"")) -> 434 | J59: =IF($D59="Manual Review","Manual Review",IF($G59="","No Data",IF(NOT(ISNUMBER($H59)),"N/A",IF($H59<TODAY(),"Overdue",IF($H59<=TODAY()+30,"Due within 1 Month",IF($H59<=TODAY()+60,"Due within 2 Months","OK")))))) -> OK
A60: =Vessels!B5 -> Vessel 01 | B60: Fire Fighting Appliances | C60: Portable Extinguisher - CO2 (23 KG) | D60: Interval-Based | E60: Hydro Test (10 Yr) | F60: 120 | G60: 42552 | H60: =IFERROR(IF($D60="Manual Review","",IF($G60="","",IF($D60="Direct Expiry",$G60,EDATE($G60,$F60)))),"Check Date") -> 46204 | I60: =IF($H60="","",IF(ISNUMBER($H60),$H60-TODAY(),"")) -> -14 | J60: =IF($D60="Manual Review","Manual Review",IF($G60="","No Data",IF(NOT(ISNUMBER($H60)),"N/A",IF($H60<TODAY(),"Overdue",IF($H60<=TODAY()+30,"Due within 1 Month",IF($H60<=TODAY()+60,"Due within 2 Months","OK")))))) -> Overdue
A61: =Vessels!B5 -> Vessel 01 | B61: Fire Fighting Appliances | C61: Wheeled Extinguisher - CO2 (23 KG) | D61: Interval-Based | E61: Annual | F61: 12 | G61: 45922 | H61: =IFERROR(IF($D61="Manual Review","",IF($G61="","",IF($D61="Direct Expiry",$G61,EDATE($G61,$F61)))),"Check Date") -> 46287 | I61: =IF($H61="","",IF(ISNUMBER($H61),$H61-TODAY(),"")) -> 69 | J61: =IF($D61="Manual Review","Manual Review",IF($G61="","No Data",IF(NOT(ISNUMBER($H61)),"N/A",IF($H61<TODAY(),"Overdue",IF($H61<=TODAY()+30,"Due within 1 Month",IF($H61<=TODAY()+60,"Due within 2 Months","OK")))))) -> OK
A62: =Vessels!B5 -> Vessel 01 | B62: Fire Fighting Appliances | C62: Wheeled Extinguisher - CO2 (23 KG) | D62: Interval-Based | E62: Hydro Test (10 Yrs) | F62: 120 | G62: 42675 | H62: =IFERROR(IF($D62="Manual Review","",IF($G62="","",IF($D62="Direct Expiry",$G62,EDATE($G62,$F62)))),"Check Date") -> 46327 | I62: =IF($H62="","",IF(ISNUMBER($H62),$H62-TODAY(),"")) -> 109 | J62: =IF($D62="Manual Review","Manual Review",IF($G62="","No Data",IF(NOT(ISNUMBER($H62)),"N/A",IF($H62<TODAY(),"Overdue",IF($H62<=TODAY()+30,"Due within 1 Month",IF($H62<=TODAY()+60,"Due within 2 Months","OK")))))) -> OK
A63: =Vessels!B5 -> Vessel 01 | B63: Fire Fighting Appliances | C63: SCBA - CO2 (23 KG) | D63: Interval-Based | E63: Annual | F63: 12 | G63: 45922 | H63: =IFERROR(IF($D63="Manual Review","",IF($G63="","",IF($D63="Direct Expiry",$G63,EDATE($G63,$F63)))),"Check Date") -> 46287 | I63: =IF($H63="","",IF(ISNUMBER($H63),$H63-TODAY(),"")) -> 69 | J63: =IF($D63="Manual Review","Manual Review",IF($G63="","No Data",IF(NOT(ISNUMBER($H63)),"N/A",IF($H63<TODAY(),"Overdue",IF($H63<=TODAY()+30,"Due within 1 Month",IF($H63<=TODAY()+60,"Due within 2 Months","OK")))))) -> OK
A64: =Vessels!B5 -> Vessel 01 | B64: Fire Fighting Appliances | C64: SCBA - CO2 (23 KG) | D64: Interval-Based | E64: Hydro Test (5 Yrs) | F64: 60 | G64: 44227 | H64: =IFERROR(IF($D64="Manual Review","",IF($G64="","",IF($D64="Direct Expiry",$G64,EDATE($G64,$F64)))),"Check Date") -> 46053 | I64: =IF($H64="","",IF(ISNUMBER($H64),$H64-TODAY(),"")) -> -165 | J64: =IF($D64="Manual Review","Manual Review",IF($G64="","No Data",IF(NOT(ISNUMBER($H64)),"N/A",IF($H64<TODAY(),"Overdue",IF($H64<=TODAY()+30,"Due within 1 Month",IF($H64<=TODAY()+60,"Due within 2 Months","OK")))))) -> Overdue
A65: =Vessels!B5 -> Vessel 01 | B65: Fire Fighting Appliances | C65: SCBA (IBC) - CO2 (23 KG) | D65: Interval-Based | E65: Annual | F65: 12 | H65: =IFERROR(IF($D65="Manual Review","",IF($G65="","",IF($D65="Direct Expiry",$G65,EDATE($G65,$F65)))),"Check Date") | I65: =IF($H65="","",IF(ISNUMBER($H65),$H65-TODAY(),"")) | J65: =IF($D65="Manual Review","Manual Review",IF($G65="","No Data",IF(NOT(ISNUMBER($H65)),"N/A",IF($H65<TODAY(),"Overdue",IF($H65<=TODAY()+30,"Due within 1 Month",IF($H65<=TODAY()+60,"Due within 2 Months","OK")))))) -> No Data
A66: =Vessels!B5 -> Vessel 01 | B66: Fire Fighting Appliances | C66: SCBA (IBC) - CO2 (23 KG) | D66: Interval-Based | E66: Hydro Test (5 Yrs) | F66: 60 | H66: =IFERROR(IF($D66="Manual Review","",IF($G66="","",IF($D66="Direct Expiry",$G66,EDATE($G66,$F66)))),"Check Date") | I66: =IF($H66="","",IF(ISNUMBER($H66),$H66-TODAY(),"")) | J66: =IF($D66="Manual Review","Manual Review",IF($G66="","No Data",IF(NOT(ISNUMBER($H66)),"N/A",IF($H66<TODAY(),"Overdue",IF($H66<=TODAY()+30,"Due within 1 Month",IF($H66<=TODAY()+60,"Due within 2 Months","OK")))))) -> No Data
A67: =Vessels!B5 -> Vessel 01 | B67: Fire Fighting Appliances | C67: Air Compressor Purity Test - CO2 (23 KG) | D67: Interval-Based | E67: Annual | F67: 12 | G67: 45922 | H67: =IFERROR(IF($D67="Manual Review","",IF($G67="","",IF($D67="Direct Expiry",$G67,EDATE($G67,$F67)))),"Check Date") -> 46287 | I67: =IF($H67="","",IF(ISNUMBER($H67),$H67-TODAY(),"")) -> 69 | J67: =IF($D67="Manual Review","Manual Review",IF($G67="","No Data",IF(NOT(ISNUMBER($H67)),"N/A",IF($H67<TODAY(),"Overdue",IF($H67<=TODAY()+30,"Due within 1 Month",IF($H67<=TODAY()+60,"Due within 2 Months","OK")))))) -> OK
A68: =Vessels!B5 -> Vessel 01 | B68: Fire Fighting Appliances | C68: Fixed CO2 (10% of Cylinder every 10 years) - CO2 (23 KG) | D68: Interval-Based | E68: Annual | F68: 12 | G68: 45922 | H68: =IFERROR(IF($D68="Manual Review","",IF($G68="","",IF($D68="Direct Expiry",$G68,EDATE($G68,$F68)))),"Check Date") -> 46287 | I68: =IF($H68="","",IF(ISNUMBER($H68),$H68-TODAY(),"")) -> 69 | J68: =IF($D68="Manual Review","Manual Review",IF($G68="","No Data",IF(NOT(ISNUMBER($H68)),"N/A",IF($H68<TODAY(),"Overdue",IF($H68<=TODAY()+30,"Due within 1 Month",IF($H68<=TODAY()+60,"Due within 2 Months","OK")))))) -> OK
A69: =Vessels!B5 -> Vessel 01 | B69: Fire Fighting Appliances | C69: Fixed CO2 (10% of Cylinder every 10 years) - CO2 (23 KG) | D69: Interval-Based | E69: Hydro Test (10 Yrs) | F69: 120 | G69: 46265 | H69: =IFERROR(IF($D69="Manual Review","",IF($G69="","",IF($D69="Direct Expiry",$G69,EDATE($G69,$F69)))),"Check Date") -> 49918 | I69: =IF($H69="","",IF(ISNUMBER($H69),$H69-TODAY(),"")) -> 3700 | J69: =IF($D69="Manual Review","Manual Review",IF($G69="","No Data",IF(NOT(ISNUMBER($H69)),"N/A",IF($H69<TODAY(),"Overdue",IF($H69<=TODAY()+30,"Due within 1 Month",IF($H69<=TODAY()+60,"Due within 2 Months","OK")))))) -> OK
A70: =Vessels!B5 -> Vessel 01 | B70: Fire Fighting Appliances | C70: Hyper Mist - CO2 (23 KG) | D70: Interval-Based | E70: Annual | F70: 12 | G70: 45922 | H70: =IFERROR(IF($D70="Manual Review","",IF($G70="","",IF($D70="Direct Expiry",$G70,EDATE($G70,$F70)))),"Check Date") -> 46287 | I70: =IF($H70="","",IF(ISNUMBER($H70),$H70-TODAY(),"")) -> 69 | J70: =IF($D70="Manual Review","Manual Review",IF($G70="","No Data",IF(NOT(ISNUMBER($H70)),"N/A",IF($H70<TODAY(),"Overdue",IF($H70<=TODAY()+30,"Due within 1 Month",IF($H70<=TODAY()+60,"Due within 2 Months","OK")))))) -> OK
A71: =Vessels!B5 -> Vessel 01 | B71: Fire Fighting Appliances | C71: Hyper Mist - CO2 (23 KG) | D71: Interval-Based | E71: Hydro Test (10 Yrs) | F71: 120 | H71: =IFERROR(IF($D71="Manual Review","",IF($G71="","",IF($D71="Direct Expiry",$G71,EDATE($G71,$F71)))),"Check Date") | I71: =IF($H71="","",IF(ISNUMBER($H71),$H71-TODAY(),"")) | J71: =IF($D71="Manual Review","Manual Review",IF($G71="","No Data",IF(NOT(ISNUMBER($H71)),"N/A",IF($H71<TODAY(),"Overdue",IF($H71<=TODAY()+30,"Due within 1 Month",IF($H71<=TODAY()+60,"Due within 2 Months","OK")))))) -> No Data
A72: =Vessels!B5 -> Vessel 01 | B72: Fire Fighting Appliances | C72: Galley Fire System - CO2 (23 KG) | D72: Interval-Based | E72: Annual | F72: 12 | H72: =IFERROR(IF($D72="Manual Review","",IF($G72="","",IF($D72="Direct Expiry",$G72,EDATE($G72,$F72)))),"Check Date") | I72: =IF($H72="","",IF(ISNUMBER($H72),$H72-TODAY(),"")) | J72: =IF($D72="Manual Review","Manual Review",IF($G72="","No Data",IF(NOT(ISNUMBER($H72)),"N/A",IF($H72<TODAY(),"Overdue",IF($H72<=TODAY()+30,"Due within 1 Month",IF($H72<=TODAY()+60,"Due within 2 Months","OK")))))) -> No Data
A73: =Vessels!B5 -> Vessel 01 | B73: Fire Fighting Appliances | C73: Foam Applicator - CO2 (23 KG) | D73: Interval-Based | E73: Annual | F73: 12 | G73: 45922 | H73: =IFERROR(IF($D73="Manual Review","",IF($G73="","",IF($D73="Direct Expiry",$G73,EDATE($G73,$F73)))),"Check Date") -> 46287 | I73: =IF($H73="","",IF(ISNUMBER($H73),$H73-TODAY(),"")) -> 69 | J73: =IF($D73="Manual Review","Manual Review",IF($G73="","No Data",IF(NOT(ISNUMBER($H73)),"N/A",IF($H73<TODAY(),"Overdue",IF($H73<=TODAY()+30,"Due within 1 Month",IF($H73<=TODAY()+60,"Due within 2 Months","OK")))))) -> OK
A74: =Vessels!B5 -> Vessel 01 | B74: Fire Fighting Appliances | C74: Fixed : Foam Sampling - CO2 (23 KG) | D74: Interval-Based | E74: Annual | F74: 12 | H74: =IFERROR(IF($D74="Manual Review","",IF($G74="","",IF($D74="Direct Expiry",$G74,EDATE($G74,$F74)))),"Check Date") | I74: =IF($H74="","",IF(ISNUMBER($H74),$H74-TODAY(),"")) | J74: =IF($D74="Manual Review","Manual Review",IF($G74="","No Data",IF(NOT(ISNUMBER($H74)),"N/A",IF($H74<TODAY(),"Overdue",IF($H74<=TODAY()+30,"Due within 1 Month",IF($H74<=TODAY()+60,"Due within 2 Months","OK")))))) -> No Data
A75: =Vessels!B5 -> Vessel 01 | B75: Fire Fighting Appliances | C75: Breathing Air Compressor - CO2 (23 KG) | D75: Interval-Based | E75: Annual | F75: 12 | G75: 45922 | H75: =IFERROR(IF($D75="Manual Review","",IF($G75="","",IF($D75="Direct Expiry",$G75,EDATE($G75,$F75)))),"Check Date") -> 46287 | I75: =IF($H75="","",IF(ISNUMBER($H75),$H75-TODAY(),"")) -> 69 | J75: =IF($D75="Manual Review","Manual Review",IF($G75="","No Data",IF(NOT(ISNUMBER($H75)),"N/A",IF($H75<TODAY(),"Overdue",IF($H75<=TODAY()+30,"Due within 1 Month",IF($H75<=TODAY()+60,"Due within 2 Months","OK")))))) -> OK
A76: =Vessels!B5 -> Vessel 01 | B76: Fire Fighting Appliances | C76: Air Cylinder for SCBA - CO2 (23 KG) | D76: Interval-Based | E76: Annual Check | F76: 12 | G76: 45922 | H76: =IFERROR(IF($D76="Manual Review","",IF($G76="","",IF($D76="Direct Expiry",$G76,EDATE($G76,$F76)))),"Check Date") -> 46287 | I76: =IF($H76="","",IF(ISNUMBER($H76),$H76-TODAY(),"")) -> 69 | J76: =IF($D76="Manual Review","Manual Review",IF($G76="","No Data",IF(NOT(ISNUMBER($H76)),"N/A",IF($H76<TODAY(),"Overdue",IF($H76<=TODAY()+30,"Due within 1 Month",IF($H76<=TODAY()+60,"Due within 2 Months","OK")))))) -> OK
A77: =Vessels!B5 -> Vessel 01 | B77: Fire Fighting Appliances | C77: Air Cylinder for SCBA - CO2 (23 KG) | D77: Interval-Based | E77: Hydrostatic Test (5 Yr) | F77: 60 | G77: 44197 | H77: =IFERROR(IF($D77="Manual Review","",IF($G77="","",IF($D77="Direct Expiry",$G77,EDATE($G77,$F77)))),"Check Date") -> 46023 | I77: =IF($H77="","",IF(ISNUMBER($H77),$H77-TODAY(),"")) -> -195 | J77: =IF($D77="Manual Review","Manual Review",IF($G77="","No Data",IF(NOT(ISNUMBER($H77)),"N/A",IF($H77<TODAY(),"Overdue",IF($H77<=TODAY()+30,"Due within 1 Month",IF($H77<=TODAY()+60,"Due within 2 Months","OK")))))) -> Overdue
A78: =Vessels!B5 -> Vessel 01 | B78: Fire Fighting Appliances | C78: Fireman Suit - CO2 (23 KG) | D78: Interval-Based | E78: Annual | F78: 12 | G78: 45922 | H78: =IFERROR(IF($D78="Manual Review","",IF($G78="","",IF($D78="Direct Expiry",$G78,EDATE($G78,$F78)))),"Check Date") -> 46287 | I78: =IF($H78="","",IF(ISNUMBER($H78),$H78-TODAY(),"")) -> 69 | J78: =IF($D78="Manual Review","Manual Review",IF($G78="","No Data",IF(NOT(ISNUMBER($H78)),"N/A",IF($H78<TODAY(),"Overdue",IF($H78<=TODAY()+30,"Due within 1 Month",IF($H78<=TODAY()+60,"Due within 2 Months","OK")))))) -> OK
A79: =Vessels!B5 -> Vessel 01 | B79: Fire Fighting Appliances | C79: Deep Fat Fryer - CO2 (23 KG) | D79: Interval-Based | E79: Annual | F79: 12 | H79: =IFERROR(IF($D79="Manual Review","",IF($G79="","",IF($D79="Direct Expiry",$G79,EDATE($G79,$F79)))),"Check Date") | I79: =IF($H79="","",IF(ISNUMBER($H79),$H79-TODAY(),"")) | J79: =IF($D79="Manual Review","Manual Review",IF($G79="","No Data",IF(NOT(ISNUMBER($H79)),"N/A",IF($H79<TODAY(),"Overdue",IF($H79<=TODAY()+30,"Due within 1 Month",IF($H79<=TODAY()+60,"Due within 2 Months","OK")))))) -> No Data
A80: =Vessels!B5 -> Vessel 01 | B80: Fire Fighting Appliances | C80: Fixed Foam Ext PFOS Lab Test - CO2 (23 KG) | D80: Manual Review | E80: From 01 Jan 2026 Limit<=10 mg/kg (0.001%by weight) | H80: =IFERROR(IF($D80="Manual Review","",IF($G80="","",IF($D80="Direct Expiry",$G80,EDATE($G80,$F80)))),"Check Date") | I80: =IF($H80="","",IF(ISNUMBER($H80),$H80-TODAY(),"")) | J80: =IF($D80="Manual Review","Manual Review",IF($G80="","No Data",IF(NOT(ISNUMBER($H80)),"N/A",IF($H80<TODAY(),"Overdue",IF($H80<=TODAY()+30,"Due within 1 Month",IF($H80<=TODAY()+60,"Due within 2 Months","OK")))))) -> Manual Review
A81: =Vessels!B5 -> Vessel 01 | B81: Fire Fighting Appliances | C81: Portable Foam Ext PFOS lab Test - CO2 (23 KG) | D81: Manual Review | E81: From 01 Jan 2026 Limit<=10 mg/kg (0.001%by weight) | H81: =IFERROR(IF($D81="Manual Review","",IF($G81="","",IF($D81="Direct Expiry",$G81,EDATE($G81,$F81)))),"Check Date") | I81: =IF($H81="","",IF(ISNUMBER($H81),$H81-TODAY(),"")) | J81: =IF($D81="Manual Review","Manual Review",IF($G81="","No Data",IF(NOT(ISNUMBER($H81)),"N/A",IF($H81<TODAY(),"Overdue",IF($H81<=TODAY()+30,"Due within 1 Month",IF($H81<=TODAY()+60,"Due within 2 Months","OK")))))) -> Manual Review
A82: =Vessels!B5 -> Vessel 01 | B82: Bridge | C82: Bridge Pyrotechnics - LTA | D82: Direct Expiry | E82: Check for Expiry Date | G82: 46419 | H82: =IFERROR(IF($D82="Manual Review","",IF($G82="","",IF($D82="Direct Expiry",$G82,EDATE($G82,$F82)))),"Check Date") -> 46419 | I82: =IF($H82="","",IF(ISNUMBER($H82),$H82-TODAY(),"")) -> 201 | J82: =IF($D82="Manual Review","Manual Review",IF($G82="","No Data",IF(NOT(ISNUMBER($H82)),"N/A",IF($H82<TODAY(),"Overdue",IF($H82<=TODAY()+30,"Due within 1 Month",IF($H82<=TODAY()+60,"Due within 2 Months","OK")))))) -> OK
A83: =Vessels!B5 -> Vessel 01 | B83: Bridge | C83: Gyro - No. 1 | D83: Interval-Based | E83: Annual | F83: 12 | G83: 46054 | H83: =IFERROR(IF($D83="Manual Review","",IF($G83="","",IF($D83="Direct Expiry",$G83,EDATE($G83,$F83)))),"Check Date") -> 46419 | I83: =IF($H83="","",IF(ISNUMBER($H83),$H83-TODAY(),"")) -> 201 | J83: =IF($D83="Manual Review","Manual Review",IF($G83="","No Data",IF(NOT(ISNUMBER($H83)),"N/A",IF($H83<TODAY(),"Overdue",IF($H83<=TODAY()+30,"Due within 1 Month",IF($H83<=TODAY()+60,"Due within 2 Months","OK")))))) -> OK
A84: =Vessels!B5 -> Vessel 01 | B84: Bridge | C84: Gyro - No. 2 | D84: Interval-Based | E84: Annual | F84: 12 | H84: =IFERROR(IF($D84="Manual Review","",IF($G84="","",IF($D84="Direct Expiry",$G84,EDATE($G84,$F84)))),"Check Date") | I84: =IF($H84="","",IF(ISNUMBER($H84),$H84-TODAY(),"")) | J84: =IF($D84="Manual Review","Manual Review",IF($G84="","No Data",IF(NOT(ISNUMBER($H84)),"N/A",IF($H84<TODAY(),"Overdue",IF($H84<=TODAY()+30,"Due within 1 Month",IF($H84<=TODAY()+60,"Due within 2 Months","OK")))))) -> No Data
A85: =Vessels!B5 -> Vessel 01 | B85: Bridge | C85: Magnetic Compass Dev - No. 2 | D85: Interval-Based | E85: 2 Yrly | F85: 24 | G85: 46068 | H85: =IFERROR(IF($D85="Manual Review","",IF($G85="","",IF($D85="Direct Expiry",$G85,EDATE($G85,$F85)))),"Check Date") -> 46798 | I85: =IF($H85="","",IF(ISNUMBER($H85),$H85-TODAY(),"")) -> 580 | J85: =IF($D85="Manual Review","Manual Review",IF($G85="","No Data",IF(NOT(ISNUMBER($H85)),"N/A",IF($H85<TODAY(),"Overdue",IF($H85<=TODAY()+30,"Due within 1 Month",IF($H85<=TODAY()+60,"Due within 2 Months","OK")))))) -> OK
A86: =Vessels!B5 -> Vessel 01 | B86: Bridge | C86: SART - Batt (P) | D86: Direct Expiry | E86: Check Expiry Date | G86: 47818 | H86: =IFERROR(IF($D86="Manual Review","",IF($G86="","",IF($D86="Direct Expiry",$G86,EDATE($G86,$F86)))),"Check Date") -> 47818 | I86: =IF($H86="","",IF(ISNUMBER($H86),$H86-TODAY(),"")) -> 1600 | J86: =IF($D86="Manual Review","Manual Review",IF($G86="","No Data",IF(NOT(ISNUMBER($H86)),"N/A",IF($H86<TODAY(),"Overdue",IF($H86<=TODAY()+30,"Due within 1 Month",IF($H86<=TODAY()+60,"Due within 2 Months","OK")))))) -> OK
A87: =Vessels!B5 -> Vessel 01 | B87: Bridge | C87: SART - Batt (S) | D87: Direct Expiry | E87: Check Expiry Date | G87: 47818 | H87: =IFERROR(IF($D87="Manual Review","",IF($G87="","",IF($D87="Direct Expiry",$G87,EDATE($G87,$F87)))),"Check Date") -> 47818 | I87: =IF($H87="","",IF(ISNUMBER($H87),$H87-TODAY(),"")) -> 1600 | J87: =IF($D87="Manual Review","Manual Review",IF($G87="","No Data",IF(NOT(ISNUMBER($H87)),"N/A",IF($H87<TODAY(),"Overdue",IF($H87<=TODAY()+30,"Due within 1 Month",IF($H87<=TODAY()+60,"Due within 2 Months","OK")))))) -> OK
A88: =Vessels!B5 -> Vessel 01 | B88: Bridge | C88: EPRIB - Inspection | D88: Interval-Based | E88: Annual | F88: 12 | G88: 46010 | H88: =IFERROR(IF($D88="Manual Review","",IF($G88="","",IF($D88="Direct Expiry",$G88,EDATE($G88,$F88)))),"Check Date") -> 46375 | I88: =IF($H88="","",IF(ISNUMBER($H88),$H88-TODAY(),"")) -> 157 | J88: =IF($D88="Manual Review","Manual Review",IF($G88="","No Data",IF(NOT(ISNUMBER($H88)),"N/A",IF($H88<TODAY(),"Overdue",IF($H88<=TODAY()+30,"Due within 1 Month",IF($H88<=TODAY()+60,"Due within 2 Months","OK")))))) -> OK
A89: =Vessels!B5 -> Vessel 01 | B89: Bridge | C89: EPRIB - Batt | D89: Direct Expiry | E89: Check Expiry Date | G89: 46813 | H89: =IFERROR(IF($D89="Manual Review","",IF($G89="","",IF($D89="Direct Expiry",$G89,EDATE($G89,$F89)))),"Check Date") -> 46813 | I89: =IF($H89="","",IF(ISNUMBER($H89),$H89-TODAY(),"")) -> 595 | J89: =IF($D89="Manual Review","Manual Review",IF($G89="","No Data",IF(NOT(ISNUMBER($H89)),"N/A",IF($H89<TODAY(),"Overdue",IF($H89<=TODAY()+30,"Due within 1 Month",IF($H89<=TODAY()+60,"Due within 2 Months","OK")))))) -> OK
A90: =Vessels!B5 -> Vessel 01 | B90: Bridge | C90: EPRIB - HRU | D90: Direct Expiry | E90: Check Expiry Date | G90: 46478 | H90: =IFERROR(IF($D90="Manual Review","",IF($G90="","",IF($D90="Direct Expiry",$G90,EDATE($G90,$F90)))),"Check Date") -> 46478 | I90: =IF($H90="","",IF(ISNUMBER($H90),$H90-TODAY(),"")) -> 260 | J90: =IF($D90="Manual Review","Manual Review",IF($G90="","No Data",IF(NOT(ISNUMBER($H90)),"N/A",IF($H90<TODAY(),"Overdue",IF($H90<=TODAY()+30,"Due within 1 Month",IF($H90<=TODAY()+60,"Due within 2 Months","OK")))))) -> OK
A91: =Vessels!B5 -> Vessel 01 | B91: Bridge | C91: GMDSS Radio - HRU | D91: Direct Expiry | E91: Check Expiry Date | H91: =IFERROR(IF($D91="Manual Review","",IF($G91="","",IF($D91="Direct Expiry",$G91,EDATE($G91,$F91)))),"Check Date") | I91: =IF($H91="","",IF(ISNUMBER($H91),$H91-TODAY(),"")) | J91: =IF($D91="Manual Review","Manual Review",IF($G91="","No Data",IF(NOT(ISNUMBER($H91)),"N/A",IF($H91<TODAY(),"Overdue",IF($H91<=TODAY()+30,"Due within 1 Month",IF($H91<=TODAY()+60,"Due within 2 Months","OK")))))) -> No Data | K91: Original value unclear: 30/09/2026 30/07/2028
A92: =Vessels!B5 -> Vessel 01 | B92: Bridge | C92: VDR - HRU | D92: Interval-Based | E92: Annual | F92: 12 | G92: 46010 | H92: =IFERROR(IF($D92="Manual Review","",IF($G92="","",IF($D92="Direct Expiry",$G92,EDATE($G92,$F92)))),"Check Date") -> 46375 | I92: =IF($H92="","",IF(ISNUMBER($H92),$H92-TODAY(),"")) -> 157 | J92: =IF($D92="Manual Review","Manual Review",IF($G92="","No Data",IF(NOT(ISNUMBER($H92)),"N/A",IF($H92<TODAY(),"Overdue",IF($H92<=TODAY()+30,"Due within 1 Month",IF($H92<=TODAY()+60,"Due within 2 Months","OK")))))) -> OK
A93: =Vessels!B5 -> Vessel 01 | B93: Bridge | C93: AIS - HRU | D93: Interval-Based | E93: Annual | F93: 12 | G93: 46010 | H93: =IFERROR(IF($D93="Manual Review","",IF($G93="","",IF($D93="Direct Expiry",$G93,EDATE($G93,$F93)))),"Check Date") -> 46375 | I93: =IF($H93="","",IF(ISNUMBER($H93),$H93-TODAY(),"")) -> 157 | J93: =IF($D93="Manual Review","Manual Review",IF($G93="","No Data",IF(NOT(ISNUMBER($H93)),"N/A",IF($H93<TODAY(),"Overdue",IF($H93<=TODAY()+30,"Due within 1 Month",IF($H93<=TODAY()+60,"Due within 2 Months","OK")))))) -> OK
A94: =Vessels!B5 -> Vessel 01 | B94: Bridge | C94: SSAS Test - HRU | D94: Interval-Based | E94: Annual | F94: 12 | G94: 46010 | H94: =IFERROR(IF($D94="Manual Review","",IF($G94="","",IF($D94="Direct Expiry",$G94,EDATE($G94,$F94)))),"Check Date") -> 46375 | I94: =IF($H94="","",IF(ISNUMBER($H94),$H94-TODAY(),"")) -> 157 | J94: =IF($D94="Manual Review","Manual Review",IF($G94="","No Data",IF(NOT(ISNUMBER($H94)),"N/A",IF($H94<TODAY(),"Overdue",IF($H94<=TODAY()+30,"Due within 1 Month",IF($H94<=TODAY()+60,"Due within 2 Months","OK")))))) -> OK
A95: =Vessels!B5 -> Vessel 01 | B95: Bridge | C95: Radio Annual - HRU | D95: Interval-Based | E95: Annual | F95: 12 | G95: 46010 | H95: =IFERROR(IF($D95="Manual Review","",IF($G95="","",IF($D95="Direct Expiry",$G95,EDATE($G95,$F95)))),"Check Date") -> 46375 | I95: =IF($H95="","",IF(ISNUMBER($H95),$H95-TODAY(),"")) -> 157 | J95: =IF($D95="Manual Review","Manual Review",IF($G95="","No Data",IF(NOT(ISNUMBER($H95)),"N/A",IF($H95<TODAY(),"Overdue",IF($H95<=TODAY()+30,"Due within 1 Month",IF($H95<=TODAY()+60,"Due within 2 Months","OK")))))) -> OK
A96: =Vessels!B5 -> Vessel 01 | B96: Bridge | C96: SART Testing - HRU | D96: Interval-Based | E96: Annual | F96: 12 | G96: 46010 | H96: =IFERROR(IF($D96="Manual Review","",IF($G96="","",IF($D96="Direct Expiry",$G96,EDATE($G96,$F96)))),"Check Date") -> 46375 | I96: =IF($H96="","",IF(ISNUMBER($H96),$H96-TODAY(),"")) -> 157 | J96: =IF($D96="Manual Review","Manual Review",IF($G96="","No Data",IF(NOT(ISNUMBER($H96)),"N/A",IF($H96<TODAY(),"Overdue",IF($H96<=TODAY()+30,"Due within 1 Month",IF($H96<=TODAY()+60,"Due within 2 Months","OK")))))) -> OK
A97: =Vessels!B5 -> Vessel 01 | B97: Bridge | C97: GMDSS - HRU | D97: Interval-Based | E97: Annual | F97: 12 | G97: 46010 | H97: =IFERROR(IF($D97="Manual Review","",IF($G97="","",IF($D97="Direct Expiry",$G97,EDATE($G97,$F97)))),"Check Date") -> 46375 | I97: =IF($H97="","",IF(ISNUMBER($H97),$H97-TODAY(),"")) -> 157 | J97: =IF($D97="Manual Review","Manual Review",IF($G97="","No Data",IF(NOT(ISNUMBER($H97)),"N/A",IF($H97<TODAY(),"Overdue",IF($H97<=TODAY()+30,"Due within 1 Month",IF($H97<=TODAY()+60,"Due within 2 Months","OK")))))) -> OK
A98: =Vessels!B5 -> Vessel 01 | B98: Calibration Equipment's | C98: Pr. Calibrator | D98: Interval-Based | E98: Annual | F98: 12 | G98: 45816 | H98: =IFERROR(IF($D98="Manual Review","",IF($G98="","",IF($D98="Direct Expiry",$G98,EDATE($G98,$F98)))),"Check Date") -> 46181 | I98: =IF($H98="","",IF(ISNUMBER($H98),$H98-TODAY(),"")) -> -37 | J98: =IF($D98="Manual Review","Manual Review",IF($G98="","No Data",IF(NOT(ISNUMBER($H98)),"N/A",IF($H98<TODAY(),"Overdue",IF($H98<=TODAY()+30,"Due within 1 Month",IF($H98<=TODAY()+60,"Due within 2 Months","OK")))))) -> Overdue
A99: =Vessels!B5 -> Vessel 01 | B99: Calibration Equipment's | C99: Temp. Calibrator | D99: Interval-Based | E99: Annual | F99: 12 | G99: 45816 | H99: =IFERROR(IF($D99="Manual Review","",IF($G99="","",IF($D99="Direct Expiry",$G99,EDATE($G99,$F99)))),"Check Date") -> 46181 | I99: =IF($H99="","",IF(ISNUMBER($H99),$H99-TODAY(),"")) -> -37 | J99: =IF($D99="Manual Review","Manual Review",IF($G99="","No Data",IF(NOT(ISNUMBER($H99)),"N/A",IF($H99<TODAY(),"Overdue",IF($H99<=TODAY()+30,"Due within 1 Month",IF($H99<=TODAY()+60,"Due within 2 Months","OK")))))) -> Overdue
A100: =Vessels!B5 -> Vessel 01 | B100: Calibration Equipment's | C100: Alcohol Meter | D100: Interval-Based | E100: Replace or Annual | F100: 12 | G100: 45939 | H100: =IFERROR(IF($D100="Manual Review","",IF($G100="","",IF($D100="Direct Expiry",$G100,EDATE($G100,$F100)))),"Check Date") -> 46304 | I100: =IF($H100="","",IF(ISNUMBER($H100),$H100-TODAY(),"")) -> 86 | J100: =IF($D100="Manual Review","Manual Review",IF($G100="","No Data",IF(NOT(ISNUMBER($H100)),"N/A",IF($H100<TODAY(),"Overdue",IF($H100<=TODAY()+30,"Due within 1 Month",IF($H100<=TODAY()+60,"Due within 2 Months","OK")))))) -> OK
A101: =Vessels!B5 -> Vessel 01 | B101: Calibration Equipment's | C101: UTI's | D101: Interval-Based | E101: Annual | F101: 12 | G101: 45882 | H101: =IFERROR(IF($D101="Manual Review","",IF($G101="","",IF($D101="Direct Expiry",$G101,EDATE($G101,$F101)))),"Check Date") -> 46247 | I101: =IF($H101="","",IF(ISNUMBER($H101),$H101-TODAY(),"")) -> 29 | J101: =IF($D101="Manual Review","Manual Review",IF($G101="","No Data",IF(NOT(ISNUMBER($H101)),"N/A",IF($H101<TODAY(),"Overdue",IF($H101<=TODAY()+30,"Due within 1 Month",IF($H101<=TODAY()+60,"Due within 2 Months","OK")))))) -> Due within 1 Month
...

Sheet Dashboard
A1: LSA & FFA Fleet Dashboard
A2: Live snapshot as of today's date — reflects all 30 vessel slots on the Tracker sheet
A4: Total Tracked Items (All Vessels) | C4: Overdue (Red) | E4: Due within 1 Month (Amber) | G4: Due within 2 Months (Yellow) | I4: OK (Green) | K4: No Data / Manual Review
A5: =COUNTA(Tracker!C5:C3364) -> 3360 | C5: =COUNTIF(Tracker!J5:J3364,"Overdue") -> 13 | E5: =COUNTIF(Tracker!J5:J3364,"Due within 1 Month") -> 1 | G5: =COUNTIF(Tracker!J5:J3364,"Due within 2 Months") -> 0 | I5: =COUNTIF(Tracker!J5:J3364,"OK") -> 52 | K5: =COUNTIF(Tracker!J5:J3364,"No Data")+COUNTIF(Tracker!J5:J3364,"Manual Review")+COUNTIF(Tracker!J5:J3364,"N/A") -> 3294
A8: Due Soon by Vessel (2-Month & 1-Month Windows)
A9: Vessel | B9: Overdue (Red) | C9: Due in 1 Month (Amber) | D9: Due in 2 Months (Yellow) | E9: Total Due Soon
A10: =Vessels!B5 -> Vessel 01 | B10: =COUNTIFS(Tracker!A5:A3364,Vessels!B5,Tracker!J5:J3364,"Overdue") -> 13 | C10: =COUNTIFS(Tracker!A5:A3364,Vessels!B5,Tracker!J5:J3364,"Due within 1 Month") -> 1 | D10: =COUNTIFS(Tracker!A5:A3364,Vessels!B5,Tracker!J5:J3364,"Due within 2 Months") -> 0 | E10: =B10+C10+D10 -> 14
A11: =Vessels!B6 -> Vessel 02 | B11: =COUNTIFS(Tracker!A5:A3364,Vessels!B6,Tracker!J5:J3364,"Overdue") -> 0 | C11: =COUNTIFS(Tracker!A5:A3364,Vessels!B6,Tracker!J5:J3364,"Due within 1 Month") -> 0 | D11: =COUNTIFS(Tracker!A5:A3364,Vessels!B6,Tracker!J5:J3364,"Due within 2 Months") -> 0 | E11: =B11+C11+D11 -> 0
A12: =Vessels!B7 -> Vessel 03 | B12: =COUNTIFS(Tracker!A5:A3364,Vessels!B7,Tracker!J5:J3364,"Overdue") -> 0 | C12: =COUNTIFS(Tracker!A5:A3364,Vessels!B7,Tracker!J5:J3364,"Due within 1 Month") -> 0 | D12: =COUNTIFS(Tracker!A5:A3364,Vessels!B7,Tracker!J5:J3364,"Due within 2 Months") -> 0 | E12: =B12+C12+D12 -> 0
A13: =Vessels!B8 -> Vessel 04 | B13: =COUNTIFS(Tracker!A5:A3364,Vessels!B8,Tracker!J5:J3364,"Overdue") -> 0 | C13: =COUNTIFS(Tracker!A5:A3364,Vessels!B8,Tracker!J5:J3364,"Due within 1 Month") -> 0 | D13: =COUNTIFS(Tracker!A5:A3364,Vessels!B8,Tracker!J5:J3364,"Due within 2 Months") -> 0 | E13: =B13+C13+D13 -> 0
A14: =Vessels!B9 -> Vessel 05 | B14: =COUNTIFS(Tracker!A5:A3364,Vessels!B9,Tracker!J5:J3364,"Overdue") -> 0 | C14: =COUNTIFS(Tracker!A5:A3364,Vessels!B9,Tracker!J5:J3364,"Due within 1 Month") -> 0 | D14: =COUNTIFS(Tracker!A5:A3364,Vessels!B9,Tracker!J5:J3364,"Due within 2 Months") -> 0 | E14: =B14+C14+D14 -> 0
A15: =Vessels!B10 -> Vessel 06 | B15: =COUNTIFS(Tracker!A5:A3364,Vessels!B10,Tracker!J5:J3364,"Overdue") -> 0 | C15: =COUNTIFS(Tracker!A5:A3364,Vessels!B10,Tracker!J5:J3364,"Due within 1 Month") -> 0 | D15: =COUNTIFS(Tracker!A5:A3364,Vessels!B10,Tracker!J5:J3364,"Due within 2 Months") -> 0 | E15: =B15+C15+D15 -> 0
A16: =Vessels!B11 -> Vessel 07 | B16: =COUNTIFS(Tracker!A5:A3364,Vessels!B11,Tracker!J5:J3364,"Overdue") -> 0 | C16: =COUNTIFS(Tracker!A5:A3364,Vessels!B11,Tracker!J5:J3364,"Due within 1 Month") -> 0 | D16: =COUNTIFS(Tracker!A5:A3364,Vessels!B11,Tracker!J5:J3364,"Due within 2 Months") -> 0 | E16: =B16+C16+D16 -> 0
A17: =Vessels!B12 -> Vessel 08 | B17: =COUNTIFS(Tracker!A5:A3364,Vessels!B12,Tracker!J5:J3364,"Overdue") -> 0 | C17: =COUNTIFS(Tracker!A5:A3364,Vessels!B12,Tracker!J5:J3364,"Due within 1 Month") -> 0 | D17: =COUNTIFS(Tracker!A5:A3364,Vessels!B12,Tracker!J5:J3364,"Due within 2 Months") -> 0 | E17: =B17+C17+D17 -> 0
A18: =Vessels!B13 -> Vessel 09 | B18: =COUNTIFS(Tracker!A5:A3364,Vessels!B13,Tracker!J5:J3364,"Overdue") -> 0 | C18: =COUNTIFS(Tracker!A5:A3364,Vessels!B13,Tracker!J5:J3364,"Due within 1 Month") -> 0 | D18: =COUNTIFS(Tracker!A5:A3364,Vessels!B13,Tracker!J5:J3364,"Due within 2 Months") -> 0 | E18: =B18+C18+D18 -> 0
A19: =Vessels!B14 -> Vessel 10 | B19: =COUNTIFS(Tracker!A5:A3364,Vessels!B14,Tracker!J5:J3364,"Overdue") -> 0 | C19: =COUNTIFS(Tracker!A5:A3364,Vessels!B14,Tracker!J5:J3364,"Due within 1 Month") -> 0 | D19: =COUNTIFS(Tracker!A5:A3364,Vessels!B14,Tracker!J5:J3364,"Due within 2 Months") -> 0 | E19: =B19+C19+D19 -> 0
A20: =Vessels!B15 -> Vessel 11 | B20: =COUNTIFS(Tracker!A5:A3364,Vessels!B15,Tracker!J5:J3364,"Overdue") -> 0 | C20: =COUNTIFS(Tracker!A5:A3364,Vessels!B15,Tracker!J5:J3364,"Due within 1 Month") -> 0 | D20: =COUNTIFS(Tracker!A5:A3364,Vessels!B15,Tracker!J5:J3364,"Due within 2 Months") -> 0 | E20: =B20+C20+D20 -> 0
A21: =Vessels!B16 -> Vessel 12 | B21: =COUNTIFS(Tracker!A5:A3364,Vessels!B16,Tracker!J5:J3364,"Overdue") -> 0 | C21: =COUNTIFS(Tracker!A5:A3364,Vessels!B16,Tracker!J5:J3364,"Due within 1 Month") -> 0 | D21: =COUNTIFS(Tracker!A5:A3364,Vessels!B16,Tracker!J5:J3364,"Due within 2 Months") -> 0 | E21: =B21+C21+D21 -> 0
A22: =Vessels!B17 -> Vessel 13 | B22: =COUNTIFS(Tracker!A5:A3364,Vessels!B17,Tracker!J5:J3364,"Overdue") -> 0 | C22: =COUNTIFS(Tracker!A5:A3364,Vessels!B17,Tracker!J5:J3364,"Due within 1 Month") -> 0 | D22: =COUNTIFS(Tracker!A5:A3364,Vessels!B17,Tracker!J5:J3364,"Due within 2 Months") -> 0 | E22: =B22+C22+D22 -> 0
A23: =Vessels!B18 -> Vessel 14 | B23: =COUNTIFS(Tracker!A5:A3364,Vessels!B18,Tracker!J5:J3364,"Overdue") -> 0 | C23: =COUNTIFS(Tracker!A5:A3364,Vessels!B18,Tracker!J5:J3364,"Due within 1 Month") -> 0 | D23: =COUNTIFS(Tracker!A5:A3364,Vessels!B18,Tracker!J5:J3364,"Due within 2 Months") -> 0 | E23: =B23+C23+D23 -> 0
A24: =Vessels!B19 -> Vessel 15 | B24: =COUNTIFS(Tracker!A5:A3364,Vessels!B19,Tracker!J5:J3364,"Overdue") -> 0 | C24: =COUNTIFS(Tracker!A5:A3364,Vessels!B19,Tracker!J5:J3364,"Due within 1 Month") -> 0 | D24: =COUNTIFS(Tracker!A5:A3364,Vessels!B19,Tracker!J5:J3364,"Due within 2 Months") -> 0 | E24: =B24+C24+D24 -> 0
A25: =Vessels!B20 -> Vessel 16 | B25: =COUNTIFS(Tracker!A5:A3364,Vessels!B20,Tracker!J5:J3364,"Overdue") -> 0 | C25: =COUNTIFS(Tracker!A5:A3364,Vessels!B20,Tracker!J5:J3364,"Due within 1 Month") -> 0 | D25: =COUNTIFS(Tracker!A5:A3364,Vessels!B20,Tracker!J5:J3364,"Due within 2 Months") -> 0 | E25: =B25+C25+D25 -> 0
A26: =Vessels!B21 -> Vessel 17 | B26: =COUNTIFS(Tracker!A5:A3364,Vessels!B21,Tracker!J5:J3364,"Overdue") -> 0 | C26: =COUNTIFS(Tracker!A5:A3364,Vessels!B21,Tracker!J5:J3364,"Due within 1 Month") -> 0 | D26: =COUNTIFS(Tracker!A5:A3364,Vessels!B21,Tracker!J5:J3364,"Due within 2 Months") -> 0 | E26: =B26+C26+D26 -> 0
A27: =Vessels!B22 -> Vessel 18 | B27: =COUNTIFS(Tracker!A5:A3364,Vessels!B22,Tracker!J5:J3364,"Overdue") -> 0 | C27: =COUNTIFS(Tracker!A5:A3364,Vessels!B22,Tracker!J5:J3364,"Due within 1 Month") -> 0 | D27: =COUNTIFS(Tracker!A5:A3364,Vessels!B22,Tracker!J5:J3364,"Due within 2 Months") -> 0 | E27: =B27+C27+D27 -> 0
A28: =Vessels!B23 -> Vessel 19 | B28: =COUNTIFS(Tracker!A5:A3364,Vessels!B23,Tracker!J5:J3364,"Overdue") -> 0 | C28: =COUNTIFS(Tracker!A5:A3364,Vessels!B23,Tracker!J5:J3364,"Due within 1 Month") -> 0 | D28: =COUNTIFS(Tracker!A5:A3364,Vessels!B23,Tracker!J5:J3364,"Due within 2 Months") -> 0 | E28: =B28+C28+D28 -> 0
A29: =Vessels!B24 -> Vessel 20 | B29: =COUNTIFS(Tracker!A5:A3364,Vessels!B24,Tracker!J5:J3364,"Overdue") -> 0 | C29: =COUNTIFS(Tracker!A5:A3364,Vessels!B24,Tracker!J5:J3364,"Due within 1 Month") -> 0 | D29: =COUNTIFS(Tracker!A5:A3364,Vessels!B24,Tracker!J5:J3364,"Due within 2 Months") -> 0 | E29: =B29+C29+D29 -> 0
A30: =Vessels!B25 -> Vessel 21 | B30: =COUNTIFS(Tracker!A5:A3364,Vessels!B25,Tracker!J5:J3364,"Overdue") -> 0 | C30: =COUNTIFS(Tracker!A5:A3364,Vessels!B25,Tracker!J5:J3364,"Due within 1 Month") -> 0 | D30: =COUNTIFS(Tracker!A5:A3364,Vessels!B25,Tracker!J5:J3364,"Due within 2 Months") -> 0 | E30: =B30+C30+D30 -> 0
A31: =Vessels!B26 -> Vessel 22 | B31: =COUNTIFS(Tracker!A5:A3364,Vessels!B26,Tracker!J5:J3364,"Overdue") -> 0 | C31: =COUNTIFS(Tracker!A5:A3364,Vessels!B26,Tracker!J5:J3364,"Due within 1 Month") -> 0 | D31: =COUNTIFS(Tracker!A5:A3364,Vessels!B26,Tracker!J5:J3364,"Due within 2 Months") -> 0 | E31: =B31+C31+D31 -> 0
A32: =Vessels!B27 -> Vessel 23 | B32: =COUNTIFS(Tracker!A5:A3364,Vessels!B27,Tracker!J5:J3364,"Overdue") -> 0 | C32: =COUNTIFS(Tracker!A5:A3364,Vessels!B27,Tracker!J5:J3364,"Due within 1 Month") -> 0 | D32: =COUNTIFS(Tracker!A5:A3364,Vessels!B27,Tracker!J5:J3364,"Due within 2 Months") -> 0 | E32: =B32+C32+D32 -> 0
A33: =Vessels!B28 -> Vessel 24 | B33: =COUNTIFS(Tracker!A5:A3364,Vessels!B28,Tracker!J5:J3364,"Overdue") -> 0 | C33: =COUNTIFS(Tracker!A5:A3364,Vessels!B28,Tracker!J5:J3364,"Due within 1 Month") -> 0 | D33: =COUNTIFS(Tracker!A5:A3364,Vessels!B28,Tracker!J5:J3364,"Due within 2 Months") -> 0 | E33: =B33+C33+D33 -> 0
A34: =Vessels!B29 -> Vessel 25 | B34: =COUNTIFS(Tracker!A5:A3364,Vessels!B29,Tracker!J5:J3364,"Overdue") -> 0 | C34: =COUNTIFS(Tracker!A5:A3364,Vessels!B29,Tracker!J5:J3364,"Due within 1 Month") -> 0 | D34: =COUNTIFS(Tracker!A5:A3364,Vessels!B29,Tracker!J5:J3364,"Due within 2 Months") -> 0 | E34: =B34+C34+D34 -> 0
A35: =Vessels!B30 -> Vessel 26 | B35: =COUNTIFS(Tracker!A5:A3364,Vessels!B30,Tracker!J5:J3364,"Overdue") -> 0 | C35: =COUNTIFS(Tracker!A5:A3364,Vessels!B30,Tracker!J5:J3364,"Due within 1 Month") -> 0 | D35: =COUNTIFS(Tracker!A5:A3364,Vessels!B30,Tracker!J5:J3364,"Due within 2 Months") -> 0 | E35: =B35+C35+D35 -> 0
A36: =Vessels!B31 -> Vessel 27 | B36: =COUNTIFS(Tracker!A5:A3364,Vessels!B31,Tracker!J5:J3364,"Overdue") -> 0 | C36: =COUNTIFS(Tracker!A5:A3364,Vessels!B31,Tracker!J5:J3364,"Due within 1 Month") -> 0 | D36: =COUNTIFS(Tracker!A5:A3364,Vessels!B31,Tracker!J5:J3364,"Due within 2 Months") -> 0 | E36: =B36+C36+D36 -> 0
A37: =Vessels!B32 -> Vessel 28 | B37: =COUNTIFS(Tracker!A5:A3364,Vessels!B32,Tracker!J5:J3364,"Overdue") -> 0 | C37: =COUNTIFS(Tracker!A5:A3364,Vessels!B32,Tracker!J5:J3364,"Due within 1 Month") -> 0 | D37: =COUNTIFS(Tracker!A5:A3364,Vessels!B32,Tracker!J5:J3364,"Due within 2 Months") -> 0 | E37: =B37+C37+D37 -> 0
A38: =Vessels!B33 -> Vessel 29 | B38: =COUNTIFS(Tracker!A5:A3364,Vessels!B33,Tracker!J5:J3364,"Overdue") -> 0 | C38: =COUNTIFS(Tracker!A5:A3364,Vessels!B33,Tracker!J5:J3364,"Due within 1 Month") -> 0 | D38: =COUNTIFS(Tracker!A5:A3364,Vessels!B33,Tracker!J5:J3364,"Due within 2 Months") -> 0 | E38: =B38+C38+D38 -> 0
A39: =Vessels!B34 -> Vessel 30 | B39: =COUNTIFS(Tracker!A5:A3364,Vessels!B34,Tracker!J5:J3364,"Overdue") -> 0 | C39: =COUNTIFS(Tracker!A5:A3364,Vessels!B34,Tracker!J5:J3364,"Due within 1 Month") -> 0 | D39: =COUNTIFS(Tracker!A5:A3364,Vessels!B34,Tracker!J5:J3364,"Due within 2 Months") -> 0 | E39: =B39+C39+D39 -> 0
A42: Due Soon by Category (All Vessels)
A43: Category | B43: Overdue | C43: Due in 1 Month | D43: Due in 2 Months
A44: Life Saving Appliances | B44: =COUNTIFS(Tracker!B5:B3364,"Life Saving Appliances",Tracker!J5:J3364,"Overdue") -> 5 | C44: =COUNTIFS(Tracker!B5:B3364,"Life Saving Appliances",Tracker!J5:J3364,"Due within 1 Month") -> 0 | D44: =COUNTIFS(Tracker!B5:B3364,"Life Saving Appliances",Tracker!J5:J3364,"Due within 2 Months") -> 0
A45: Fire Fighting Appliances | B45: =COUNTIFS(Tracker!B5:B3364,"Fire Fighting Appliances",Tracker!J5:J3364,"Overdue") -> 4 | C45: =COUNTIFS(Tracker!B5:B3364,"Fire Fighting Appliances",Tracker!J5:J3364,"Due within 1 Month") -> 0 | D45: =COUNTIFS(Tracker!B5:B3364,"Fire Fighting Appliances",Tracker!J5:J3364,"Due within 2 Months") -> 0
A46: Bridge | B46: =COUNTIFS(Tracker!B5:B3364,"Bridge",Tracker!J5:J3364,"Overdue") -> 0 | C46: =COUNTIFS(Tracker!B5:B3364,"Bridge",Tracker!J5:J3364,"Due within 1 Month") -> 0 | D46: =COUNTIFS(Tracker!B5:B3364,"Bridge",Tracker!J5:J3364,"Due within 2 Months") -> 0
A47: Calibration Equipment's | B47: =COUNTIFS(Tracker!B5:B3364,"Calibration Equipment's",Tracker!J5:J3364,"Overdue") -> 4 | C47: =COUNTIFS(Tracker!B5:B3364,"Calibration Equipment's",Tracker!J5:J3364,"Due within 1 Month") -> 1 | D47: =COUNTIFS(Tracker!B5:B3364,"Calibration Equipment's",Tracker!J5:J3364,"Due within 2 Months") -> 0
H50: Status | I50: Count
H51: Overdue | I51: =COUNTIF(Tracker!J5:J3364,"Overdue") -> 13
H52: Due within 1 Month | I52: =COUNTIF(Tracker!J5:J3364,"Due within 1 Month") -> 1
H53: Due within 2 Months | I53: =COUNTIF(Tracker!J5:J3364,"Due within 2 Months") -> 0
H54: OK | I54: =COUNTIF(Tracker!J5:J3364,"OK") -> 52
